calendar_date,weekday,day_of_month,day_of_year,week_of_month,week,month,quarter,year,retail_week,isoyear,isoweek,first_day_of_week,first_day_of_month,first_day_of_quarter,first_day_of_year,last_day_of_week,last_day_of_month,last_day_of_quarter,last_day_of_year,day_of_quarter,days_in_week,days_in_month,days_in_quarter,days_in_year,is_sunday,is_tuesday,is_monday,is_wednesday,is_thursday,is_friday,is_saturday,is_weekday,is_weekend,is_first_day_of_week,is_first_day_of_month,is_first_day_of_quarter,is_first_day_of_year,is_last_day_of_week,is_last_day_of_month,is_last_day_of_quarter,is_last_day_of_year,pct_week_elapsed,pct_month_elapsed,pct_quarter_elapsed,pct_year_elapsed,simple_scaling_factor__end_of_week,simple_scaling_factor__end_of_month,simple_scaling_factor__end_of_quarter,simple_scaling_factor__end_of_year,elapsed_month_sundays,elapsed_month_mondays,elapsed_month_tuesdays,elapsed_month_wednesdays,elapsed_month_thursdays,elapsed_month_fridays,elapsed_month_saturdays,sundays_in_month,mondays_in_month,tuesdays_in_month,wednesdays_in_month,thursdays_in_month,fridays_in_month,saturdays_in_month,nth_sunday_of_month,nth_monday_of_month,nth_tuesday_of_month,nth_wednesday_of_month,nth_thursday_of_month,nth_friday_of_month,nth_saturday_of_month,fixed_holidays,floating_holidays,holiday
2024-01-01,2,1,1,1.0,0,1,1,2024,0,2024,1,2023-12-31,2024-01-01,2024-01-01,2024-01-01,2024-01-06,2024-01-31,2024-03-31,2024-12-31,1,7,31,91,366,false,false,true,false,false,false,false,true,false,false,true,true,true,false,false,false,false,0.2857142857142857,0.032258064516129031,0.01098901098901099,0.00273224043715847,3.5,31.0,91.0,366.0,0,1,0,0,0,0,0,4,5,5,5,4,4,4,,1,,,,,,New Year's Day,,New Year's Day
2024-01-02,3,2,2,1.0,0,1,1,2024,0,2024,1,2023-12-31,2024-01-01,2024-01-01,2024-01-01,2024-01-06,2024-01-31,2024-03-31,2024-12-31,2,7,31,91,366,false,true,false,false,false,false,false,true,false,false,false,false,false,false,false,false,false,0.42857142857142855,0.064516129032258063,0.02197802197802198,0.00546448087431694,2.3333333333333335,15.5,45.5,183.0,0,1,1,0,0,0,0,4,5,5,5,4,4,4,,,1,,,,,,,
2024-01-03,4,3,3,1.0,0,1,1,2024,0,2024,1,2023-12-31,2024-01-01,2024-01-01,2024-01-01,2024-01-06,2024-01-31,2024-03-31,2024-12-31,3,7,31,91,366,false,false,false,true,false,false,false,true,false,false,false,false,false,false,false,false,false,0.5714285714285714,0.0967741935483871,0.032967032967032968,0.00819672131147541,1.75,10.333333333333334,30.333333333333332,122.0,0,1,1,1,0,0,0,4,5,5,5,4,4,4,,,,1,,,,,,
2024-01-04,5,4,4,1.0,0,1,1,2024,0,2024,1,2023-12-31,2024-01-01,2024-01-01,2024-01-01,2024-01-06,2024-01-31,2024-03-31,2024-12-31,4,7,31,91,366,false,false,false,false,true,false,false,true,false,false,false,false,false,false,false,false,false,0.7142857142857143,0.12903225806451613,0.043956043956043959,0.01092896174863388,1.4,7.75,22.75,91.5,0,1,1,1,1,0,0,4,5,5,5,4,4,4,,,,,1,,,,,
2024-01-05,6,5,5,1.0,0,1,1,2024,0,2024,1,2023-12-31,2024-01-01,2024-01-01,2024-01-01,2024-01-06,2024-01-31,2024-03-31,2024-12-31,5,7,31,91,366,false,false,false,false,false,true,false,true,false,false,false,false,false,false,false,false,false,0.8571428571428571,0.16129032258064516,0.054945054945054944,0.013661202185792349,1.1666666666666667,6.2,18.2,73.2,0,1,1,1,1,1,0,4,5,5,5,4,4,4,,,,,,1,,,,
2024-01-06,7,6,6,1.0,0,1,1,2024,1,2024,1,2023-12-31,2024-01-01,2024-01-01,2024-01-01,2024-01-06,2024-01-31,2024-03-31,2024-12-31,6,7,31,91,366,false,false,false,false,false,false,true,false,true,false,false,false,false,true,false,false,false,1.0,0.19354838709677419,0.065934065934065936,0.016393442622950821,1.0,5.166666666666667,15.166666666666666,61.0,0,1,1,1,1,1,1,4,5,5,5,4,4,4,,,,,,,1,,,
2024-01-07,1,7,7,1.0,1,1,1,2024,1,2024,1,2024-01-07,2024-01-01,2024-01-01,2024-01-01,2024-01-13,2024-01-31,2024-03-31,2024-12-31,7,7,31,91,366,true,false,false,false,false,false,false,false,true,true,false,false,false,false,false,false,false,0.14285714285714285,0.22580645161290322,0.076923076923076927,0.01912568306010929,7.0,4.4285714285714288,13.0,52.285714285714285,1,1,1,1,1,1,1,4,5,5,5,4,4,4,1,,,,,,,,,
2024-01-08,2,8,8,2.0,1,1,1,2024,1,2024,2,2024-01-07,2024-01-01,2024-01-01,2024-01-01,2024-01-13,2024-01-31,2024-03-31,2024-12-31,8,7,31,91,366,false,false,true,false,false,false,false,true,false,false,false,false,false,false,false,false,false,0.2857142857142857,0.25806451612903225,0.087912087912087919,0.02185792349726776,3.5,3.875,11.375,45.75,1,2,1,1,1,1,1,4,5,5,5,4,4,4,,2,,,,,,,,
2024-01-09,3,9,9,2.0,1,1,1,2024,1,2024,2,2024-01-07,2024-01-01,2024-01-01,2024-01-01,2024-01-13,2024-01-31,2024-03-31,2024-12-31,9,7,31,91,366,false,true,false,false,false,false,false,true,false,false,false,false,false,false,false,false,false,0.42857142857142855,0.29032258064516131,0.0989010989010989,0.024590163934426229,2.3333333333333335,3.4444444444444446,10.111111111111111,40.666666666666664,1,2,2,1,1,1,1,4,5,5,5,4,4,4,,,2,,,,,,,
2024-01-10,4,10,10,2.0,1,1,1,2024,1,2024,2,2024-01-07,2024-01-01,2024-01-01,2024-01-01,2024-01-13,2024-01-31,2024-03-31,2024-12-31,10,7,31,91,366,false,false,false,true,false,false,false,true,false,false,false,false,false,false,false,false,false,0.5714285714285714,0.32258064516129031,0.10989010989010989,0.0273224043715847,1.75,3.1,9.1,36.6,1,2,2,2,1,1,1,4,5,5,5,4,4,4,,,,2,,,,,,
2024-01-11,5,11,11,2.0,1,1,1,2024,1,2024,2,2024-01-07,2024-01-01,2024-01-01,2024-01-01,2024-01-13,2024-01-31,2024-03-31,2024-12-31,11,7,31,91,366,false,false,false,false,true,false,false,true,false,false,false,false,false,false,false,false,false,0.7142857142857143,0.35483870967741937,0.12087912087912088,0.030054644808743168,1.4,2.8181818181818183,8.2727272727272734,33.272727272727273,1,2,2,2,2,1,1,4,5,5,5,4,4,4,,,,,2,,,,,
2024-01-12,6,12,12,2.0,1,1,1,2024,1,2024,2,2024-01-07,2024-01-01,2024-01-01,2024-01-01,2024-01-13,2024-01-31,2024-03-31,2024-12-31,12,7,31,91,366,false,false,false,false,false,true,false,true,false,false,false,false,false,false,false,false,false,0.8571428571428571,0.38709677419354838,0.13186813186813187,0.032786885245901641,1.1666666666666667,2.5833333333333335,7.583333333333333,30.5,1,2,2,2,2,2,1,4,5,5,5,4,4,4,,,,,,2,,,,
2024-01-13,7,13,13,2.0,1,1,1,2024,2,2024,2,2024-01-07,2024-01-01,2024-01-01,2024-01-01,2024-01-13,2024-01-31,2024-03-31,2024-12-31,13,7,31,91,366,false,false,false,false,false,false,true,false,true,false,false,false,false,true,false,false,false,1.0,0.41935483870967744,0.14285714285714285,0.035519125683060107,1.0,2.3846153846153846,7.0,28.153846153846153,1,2,2,2,2,2,2,4,5,5,5,4,4,4,,,,,,,2,,,
2024-01-14,1,14,14,2.0,2,1,1,2024,2,2024,2,2024-01-14,2024-01-01,2024-01-01,2024-01-01,2024-01-20,2024-01-31,2024-03-31,2024-12-31,14,7,31,91,366,true,false,false,false,false,false,false,false,true,true,false,false,false,false,false,false,false,0.14285714285714285,0.45161290322580644,0.15384615384615385,0.03825136612021858,7.0,2.2142857142857144,6.5,26.142857142857142,2,2,2,2,2,2,2,4,5,5,5,4,4,4,2,,,,,,,,,
2024-01-15,2,15,15,3.0,2,1,1,2024,2,2024,3,2024-01-14,2024-01-01,2024-01-01,2024-01-01,2024-01-20,2024-01-31,2024-03-31,2024-12-31,15,7,31,91,366,false,false,true,false,false,false,false,true,false,false,false,false,false,false,false,false,false,0.2857142857142857,0.4838709677419355,0.16483516483516483,0.040983606557377046,3.5,2.0666666666666669,6.0666666666666664,24.4,2,3,2,2,2,2,2,4,5,5,5,4,4,4,,3,,,,,,,Martin Luther King Jr. Day,Martin Luther King Jr. Day
2024-01-16,3,16,16,3.0,2,1,1,2024,2,2024,3,2024-01-14,2024-01-01,2024-01-01,2024-01-01,2024-01-20,2024-01-31,2024-03-31,2024-12-31,16,7,31,91,366,false,true,false,false,false,false,false,true,false,false,false,false,false,false,false,false,false,0.42857142857142855,0.5161290322580645,0.17582417582417584,0.043715846994535519,2.3333333333333335,1.9375,5.6875,22.875,2,3,3,2,2,2,2,4,5,5,5,4,4,4,,,3,,,,,,,
2024-01-17,4,17,17,3.0,2,1,1,2024,2,2024,3,2024-01-14,2024-01-01,2024-01-01,2024-01-01,2024-01-20,2024-01-31,2024-03-31,2024-12-31,17,7,31,91,366,false,false,false,true,false,false,false,true,false,false,false,false,false,false,false,false,false,0.5714285714285714,0.54838709677419351,0.18681318681318682,0.046448087431693992,1.75,1.8235294117647058,5.3529411764705879,21.529411764705884,2,3,3,3,2,2,2,4,5,5,5,4,4,4,,,,3,,,,,,
2024-01-18,5,18,18,3.0,2,1,1,2024,2,2024,3,2024-01-14,2024-01-01,2024-01-01,2024-01-01,2024-01-20,2024-01-31,2024-03-31,2024-12-31,18,7,31,91,366,false,false,false,false,true,false,false,true,false,false,false,false,false,false,false,false,false,0.7142857142857143,0.58064516129032262,0.19780219780219779,0.049180327868852458,1.4,1.7222222222222223,5.0555555555555554,20.333333333333332,2,3,3,3,3,2,2,4,5,5,5,4,4,4,,,,,3,,,,,
2024-01-19,6,19,19,3.0,2,1,1,2024,2,2024,3,2024-01-14,2024-01-01,2024-01-01,2024-01-01,2024-01-20,2024-01-31,2024-03-31,2024-12-31,19,7,31,91,366,false,false,false,false,false,true,false,true,false,false,false,false,false,false,false,false,false,0.8571428571428571,0.61290322580645162,0.2087912087912088,0.051912568306010931,1.1666666666666667,1.631578947368421,4.7894736842105265,19.263157894736842,2,3,3,3,3,3,2,4,5,5,5,4,4,4,,,,,,3,,,,
2024-01-20,7,20,20,3.0,2,1,1,2024,3,2024,3,2024-01-14,2024-01-01,2024-01-01,2024-01-01,2024-01-20,2024-01-31,2024-03-31,2024-12-31,20,7,31,91,366,false,false,false,false,false,false,true,false,true,false,false,false,false,true,false,false,false,1.0,0.64516129032258063,0.21978021978021978,0.0546448087431694,1.0,1.55,4.55,18.3,2,3,3,3,3,3,3,4,5,5,5,4,4,4,,,,,,,3,,,
2024-01-21,1,21,21,3.0,3,1,1,2024,3,2024,3,2024-01-21,2024-01-01,2024-01-01,2024-01-01,2024-01-27,2024-01-31,2024-03-31,2024-12-31,21,7,31,91,366,true,false,false,false,false,false,false,false,true,true,false,false,false,false,false,false,false,0.14285714285714285,0.67741935483870963,0.23076923076923078,0.05737704918032787,7.0,1.4761904761904763,4.333333333333333,17.428571428571427,3,3,3,3,3,3,3,4,5,5,5,4,4,4,3,,,,,,,,,
2024-01-22,2,22,22,4.0,3,1,1,2024,3,2024,4,2024-01-21,2024-01-01,2024-01-01,2024-01-01,2024-01-27,2024-01-31,2024-03-31,2024-12-31,22,7,31,91,366,false,false,true,false,false,false,false,true,false,false,false,false,false,false,false,false,false,0.2857142857142857,0.70967741935483875,0.24175824175824176,0.060109289617486336,3.5,1.4090909090909092,4.1363636363636367,16.636363636363637,3,4,3,3,3,3,3,4,5,5,5,4,4,4,,4,,,,,,,,
2024-01-23,3,23,23,4.0,3,1,1,2024,3,2024,4,2024-01-21,2024-01-01,2024-01-01,2024-01-01,2024-01-27,2024-01-31,2024-03-31,2024-12-31,23,7,31,91,366,false,true,false,false,false,false,false,true,false,false,false,false,false,false,false,false,false,0.42857142857142855,0.74193548387096775,0.25274725274725274,0.062841530054644809,2.3333333333333335,1.3478260869565217,3.9565217391304346,15.913043478260869,3,4,4,3,3,3,3,4,5,5,5,4,4,4,,,4,,,,,,,
2024-01-24,4,24,24,4.0,3,1,1,2024,3,2024,4,2024-01-21,2024-01-01,2024-01-01,2024-01-01,2024-01-27,2024-01-31,2024-03-31,2024-12-31,24,7,31,91,366,false,false,false,true,false,false,false,true,false,false,false,false,false,false,false,false,false,0.5714285714285714,0.77419354838709675,0.26373626373626374,0.065573770491803282,1.75,1.2916666666666667,3.7916666666666665,15.25,3,4,4,4,3,3,3,4,5,5,5,4,4,4,,,,4,,,,,,
2024-01-25,5,25,25,4.0,3,1,1,2024,3,2024,4,2024-01-21,2024-01-01,2024-01-01,2024-01-01,2024-01-27,2024-01-31,2024-03-31,2024-12-31,25,7,31,91,366,false,false,false,false,true,false,false,true,false,false,false,false,false,false,false,false,false,0.7142857142857143,0.80645161290322576,0.27472527472527475,0.068306010928961755,1.4,1.24,3.64,14.64,3,4,4,4,4,3,3,4,5,5,5,4,4,4,,,,,4,,,,,
2024-01-26,6,26,26,4.0,3,1,1,2024,3,2024,4,2024-01-21,2024-01-01,2024-01-01,2024-01-01,2024-01-27,2024-01-31,2024-03-31,2024-12-31,26,7,31,91,366,false,false,false,false,false,true,false,true,false,false,false,false,false,false,false,false,false,0.8571428571428571,0.83870967741935487,0.2857142857142857,0.071038251366120214,1.1666666666666667,1.1923076923076923,3.5,14.076923076923077,3,4,4,4,4,4,3,4,5,5,5,4,4,4,,,,,,4,,,,
2024-01-27,7,27,27,4.0,3,1,1,2024,4,2024,4,2024-01-21,2024-01-01,2024-01-01,2024-01-01,2024-01-27,2024-01-31,2024-03-31,2024-12-31,27,7,31,91,366,false,false,false,false,false,false,true,false,true,false,false,false,false,true,false,false,false,1.0,0.87096774193548387,0.2967032967032967,0.073770491803278687,1.0,1.1481481481481481,3.3703703703703702,13.555555555555555,3,4,4,4,4,4,4,4,5,5,5,4,4,4,,,,,,,4,,,
2024-01-28,1,28,28,4.0,4,1,1,2024,4,2024,4,2024-01-28,2024-01-01,2024-01-01,2024-01-01,2024-02-03,2024-01-31,2024-03-31,2024-12-31,28,7,31,91,366,true,false,false,false,false,false,false,false,true,true,false,false,false,false,false,false,false,0.14285714285714285,0.90322580645161288,0.30769230769230771,0.07650273224043716,7.0,1.1071428571428572,3.25,13.071428571428571,4,4,4,4,4,4,4,4,5,5,5,4,4,4,4,,,,,,,,,
2024-01-29,2,29,29,5.0,4,1,1,2024,4,2024,5,2024-01-28,2024-01-01,2024-01-01,2024-01-01,2024-02-03,2024-01-31,2024-03-31,2024-12-31,29,7,31,91,366,false,false,true,false,false,false,false,true,false,false,false,false,false,false,false,false,false,0.2857142857142857,0.93548387096774188,0.31868131868131866,0.079234972677595633,3.5,1.0689655172413792,3.1379310344827585,12.620689655172415,4,5,4,4,4,4,4,4,5,5,5,4,4,4,,5,,,,,,,,
2024-01-30,3,30,30,5.0,4,1,1,2024,4,2024,5,2024-01-28,2024-01-01,2024-01-01,2024-01-01,2024-02-03,2024-01-31,2024-03-31,2024-12-31,30,7,31,91,366,false,true,false,false,false,false,false,true,false,false,false,false,false,false,false,false,false,0.42857142857142855,0.967741935483871,0.32967032967032966,0.081967213114754092,2.3333333333333335,1.0333333333333334,3.0333333333333332,12.2,4,5,5,4,4,4,4,4,5,5,5,4,4,4,,,5,,,,,,,
2024-01-31,4,31,31,5.0,4,1,1,2024,4,2024,5,2024-01-28,2024-01-01,2024-01-01,2024-01-01,2024-02-03,2024-01-31,2024-03-31,2024-12-31,31,7,31,91,366,false,false,false,true,false,false,false,true,false,false,false,false,false,false,true,false,false,0.5714285714285714,1.0,0.34065934065934067,0.084699453551912565,1.75,1.0,2.935483870967742,11.806451612903226,4,5,5,5,4,4,4,4,5,5,5,4,4,4,,,,5,,,,,,
2024-02-01,5,1,32,1.0,4,2,1,2024,4,2024,5,2024-01-28,2024-02-01,2024-01-01,2024-01-01,2024-02-03,2024-02-29,2024-03-31,2024-12-31,32,7,29,91,366,false,false,false,false,true,false,false,true,false,false,true,false,false,false,false,false,false,0.7142857142857143,0.034482758620689655,0.35164835164835168,0.087431693989071038,1.4,29.0,2.84375,11.4375,0,0,0,0,1,0,0,4,4,4,4,5,4,4,,,,,1,,,,,
2024-02-02,6,2,33,1.0,4,2,1,2024,4,2024,5,2024-01-28,2024-02-01,2024-01-01,2024-01-01,2024-02-03,2024-02-29,2024-03-31,2024-12-31,33,7,29,91,366,false,false,false,false,false,true,false,true,false,false,false,false,false,false,false,false,false,0.8571428571428571,0.068965517241379309,0.36263736263736263,0.090163934426229511,1.1666666666666667,14.5,2.7575757575757578,11.090909090909092,0,0,0,0,1,1,0,4,4,4,4,5,4,4,,,,,,1,,Groundhog Day,,Groundhog Day
2024-02-03,7,3,34,1.0,4,2,1,2024,5,2024,5,2024-01-28,2024-02-01,2024-01-01,2024-01-01,2024-02-03,2024-02-29,2024-03-31,2024-12-31,34,7,29,91,366,false,false,false,false,false,false,true,false,true,false,false,false,false,true,false,false,false,1.0,0.10344827586206896,0.37362637362637363,0.092896174863387984,1.0,9.6666666666666661,2.6764705882352939,10.764705882352942,0,0,0,0,1,1,1,4,4,4,4,5,4,4,,,,,,,1,,,
2024-02-04,1,4,35,1.0,5,2,1,2024,5,2024,5,2024-02-04,2024-02-01,2024-01-01,2024-01-01,2024-02-10,2024-02-29,2024-03-31,2024-12-31,35,7,29,91,366,true,false,false,false,false,false,false,false,true,true,false,false,false,false,false,false,false,0.14285714285714285,0.13793103448275862,0.38461538461538464,0.095628415300546443,7.0,7.25,2.6,10.457142857142857,1,0,0,0,1,1,1,4,4,4,4,5,4,4,1,,,,,,,,,
2024-02-05,2,5,36,1.0,5,2,1,2024,5,2024,6,2024-02-04,2024-02-01,2024-01-01,2024-01-01,2024-02-10,2024-02-29,2024-03-31,2024-12-31,36,7,29,91,366,false,false,true,false,false,false,false,true,false,false,false,false,false,false,false,false,false,0.2857142857142857,0.17241379310344829,0.39560439560439559,0.098360655737704916,3.5,5.8,2.5277777777777777,10.166666666666666,1,1,0,0,1,1,1,4,4,4,4,5,4,4,,1,,,,,,,,
2024-02-06,3,6,37,1.0,5,2,1,2024,5,2024,6,2024-02-04,2024-02-01,2024-01-01,2024-01-01,2024-02-10,2024-02-29,2024-03-31,2024-12-31,37,7,29,91,366,false,true,false,false,false,false,false,true,false,false,false,false,false,false,false,false,false,0.42857142857142855,0.20689655172413793,0.40659340659340659,0.10109289617486339,2.3333333333333335,4.833333333333333,2.4594594594594597,9.8918918918918912,1,1,1,0,1,1,1,4,4,4,4,5,4,4,,,1,,,,,,,
2024-02-07,4,7,38,1.0,5,2,1,2024,5,2024,6,2024-02-04,2024-02-01,2024-01-01,2024-01-01,2024-02-10,2024-02-29,2024-03-31,2024-12-31,38,7,29,91,366,false,false,false,true,false,false,false,true,false,false,false,false,false,false,false,false,false,0.5714285714285714,0.2413793103448276,0.4175824175824176,0.10382513661202186,1.75,4.1428571428571432,2.3947368421052633,9.6315789473684212,1,1,1,1,1,1,1,4,4,4,4,5,4,4,,,,1,,,,,,
2024-02-08,5,8,39,2.0,5,2,1,2024,5,2024,6,2024-02-04,2024-02-01,2024-01-01,2024-01-01,2024-02-10,2024-02-29,2024-03-31,2024-12-31,39,7,29,91,366,false,false,false,false,true,false,false,true,false,false,false,false,false,false,false,false,false,0.7142857142857143,0.27586206896551724,0.42857142857142855,0.10655737704918032,1.4,3.625,2.3333333333333335,9.384615384615385,1,1,1,1,2,1,1,4,4,4,4,5,4,4,,,,,2,,,,,
2024-02-09,6,9,40,2.0,5,2,1,2024,5,2024,6,2024-02-04,2024-02-01,2024-01-01,2024-01-01,2024-02-10,2024-02-29,2024-03-31,2024-12-31,40,7,29,91,366,false,false,false,false,false,true,false,true,false,false,false,false,false,false,false,false,false,0.8571428571428571,0.31034482758620691,0.43956043956043955,0.10928961748633879,1.1666666666666667,3.2222222222222223,2.275,9.15,1,1,1,1,2,2,1,4,4,4,4,5,4,4,,,,,,2,,,,
2024-02-10,7,10,41,2.0,5,2,1,2024,6,2024,6,2024-02-04,2024-02-01,2024-01-01,2024-01-01,2024-02-10,2024-02-29,2024-03-31,2024-12-31,41,7,29,91,366,false,false,false,false,false,false,true,false,true,false,false,false,false,true,false,false,false,1.0,0.34482758620689657,0.45054945054945056,0.11202185792349727,1.0,2.9,2.2195121951219514,8.9268292682926838,1,1,1,1,2,2,2,4,4,4,4,5,4,4,,,,,,,2,,,
2024-02-11,1,11,42,2.0,6,2,1,2024,6,2024,6,2024-02-11,2024-02-01,2024-01-01,2024-01-01,2024-02-17,2024-02-29,2024-03-31,2024-12-31,42,7,29,91,366,true,false,false,false,false,false,false,false,true,true,false,false,false,false,false,false,false,0.14285714285714285,0.37931034482758619,0.46153846153846156,0.11475409836065574,7.0,2.6363636363636362,2.1666666666666665,8.7142857142857135,2,1,1,1,2,2,2,4,4,4,4,5,4,4,2,,,,,,,,,
2024-02-12,2,12,43,2.0,6,2,1,2024,6,2024,7,2024-02-11,2024-02-01,2024-01-01,2024-01-01,2024-02-17,2024-02-29,2024-03-31,2024-12-31,43,7,29,91,366,false,false,true,false,false,false,false,true,false,false,false,false,false,false,false,false,false,0.2857142857142857,0.41379310344827586,0.47252747252747251,0.11748633879781421,3.5,2.4166666666666665,2.1162790697674421,8.5116279069767433,2,2,1,1,2,2,2,4,4,4,4,5,4,4,,2,,,,,,,,
2024-02-13,3,13,44,2.0,6,2,1,2024,6,2024,7,2024-02-11,2024-02-01,2024-01-01,2024-01-01,2024-02-17,2024-02-29,2024-03-31,2024-12-31,44,7,29,91,366,false,true,false,false,false,false,false,true,false,false,false,false,false,false,false,false,false,0.42857142857142855,0.44827586206896552,0.48351648351648352,0.12021857923497267,2.3333333333333335,2.2307692307692308,2.0681818181818183,8.3181818181818183,2,2,2,1,2,2,2,4,4,4,4,5,4,4,,,2,,,,,,,
2024-02-14,4,14,45,2.0,6,2,1,2024,6,2024,7,2024-02-11,2024-02-01,2024-01-01,2024-01-01,2024-02-17,2024-02-29,2024-03-31,2024-12-31,45,7,29,91,366,false,false,false,true,false,false,false,true,false,false,false,false,false,false,false,false,false,0.5714285714285714,0.48275862068965519,0.49450549450549453,0.12295081967213115,1.75,2.0714285714285716,2.0222222222222221,8.1333333333333329,2,2,2,2,2,2,2,4,4,4,4,5,4,4,,,,2,,,,Valentine's Day,,Valentine's Day
2024-02-15,5,15,46,3.0,6,2,1,2024,6,2024,7,2024-02-11,2024-02-01,2024-01-01,2024-01-01,2024-02-17,2024-02-29,2024-03-31,2024-12-31,46,7,29,91,366,false,false,false,false,true,false,false,true,false,false,false,false,false,false,false,false,false,0.7142857142857143,0.51724137931034486,0.50549450549450547,0.12568306010928962,1.4,1.9333333333333333,1.9782608695652173,7.9565217391304346,2,2,2,2,3,2,2,4,4,4,4,5,4,4,,,,,3,,,,,
2024-02-16,6,16,47,3.0,6,2,1,2024,6,2024,7,2024-02-11,2024-02-01,2024-01-01,2024-01-01,2024-02-17,2024-02-29,2024-03-31,2024-12-31,47,7,29,91,366,false,false,false,false,false,true,false,true,false,false,false,false,false,false,false,false,false,0.8571428571428571,0.55172413793103448,0.51648351648351654,0.12841530054644809,1.1666666666666667,1.8125,1.9361702127659575,7.7872340425531918,2,2,2,2,3,3,2,4,4,4,4,5,4,4,,,,,,3,,,,
2024-02-17,7,17,48,3.0,6,2,1,2024,7,2024,7,2024-02-11,2024-02-01,2024-01-01,2024-01-01,2024-02-17,2024-02-29,2024-03-31,2024-12-31,48,7,29,91,366,false,false,false,false,false,false,true,false,true,false,false,false,false,true,false,false,false,1.0,0.58620689655172409,0.52747252747252749,0.13114754098360656,1.0,1.7058823529411764,1.8958333333333333,7.625,2,2,2,2,3,3,3,4,4,4,4,5,4,4,,,,,,,3,,,
2024-02-18,1,18,49,3.0,7,2,1,2024,7,2024,7,2024-02-18,2024-02-01,2024-01-01,2024-01-01,2024-02-24,2024-02-29,2024-03-31,2024-12-31,49,7,29,91,366,true,false,false,false,false,false,false,false,true,true,false,false,false,false,false,false,false,0.14285714285714285,0.62068965517241381,0.53846153846153844,0.13387978142076504,7.0,1.6111111111111112,1.8571428571428572,7.4693877551020407,3,2,2,2,3,3,3,4,4,4,4,5,4,4,3,,,,,,,,,
2024-02-19,2,19,50,3.0,7,2,1,2024,7,2024,8,2024-02-18,2024-02-01,2024-01-01,2024-01-01,2024-02-24,2024-02-29,2024-03-31,2024-12-31,50,7,29,91,366,false,false,true,false,false,false,false,true,false,false,false,false,false,false,false,false,false,0.2857142857142857,0.65517241379310343,0.5494505494505495,0.13661202185792351,3.5,1.5263157894736843,1.82,7.32,3,3,2,2,3,3,3,4,4,4,4,5,4,4,,3,,,,,,,Presidents' Day,Presidents' Day
2024-02-20,3,20,51,3.0,7,2,1,2024,7,2024,8,2024-02-18,2024-02-01,2024-01-01,2024-01-01,2024-02-24,2024-02-29,2024-03-31,2024-12-31,51,7,29,91,366,false,true,false,false,false,false,false,true,false,false,false,false,false,false,false,false,false,0.42857142857142855,0.68965517241379315,0.56043956043956045,0.13934426229508196,2.3333333333333335,1.45,1.7843137254901962,7.1764705882352944,3,3,3,2,3,3,3,4,4,4,4,5,4,4,,,3,,,,,,,
2024-02-21,4,21,52,3.0,7,2,1,2024,7,2024,8,2024-02-18,2024-02-01,2024-01-01,2024-01-01,2024-02-24,2024-02-29,2024-03-31,2024-12-31,52,7,29,91,366,false,false,false,true,false,false,false,true,false,false,false,false,false,false,false,false,false,0.5714285714285714,0.72413793103448276,0.5714285714285714,0.14207650273224043,1.75,1.3809523809523809,1.75,7.0384615384615383,3,3,3,3,3,3,3,4,4,4,4,5,4,4,,,,3,,,,,,
2024-02-22,5,22,53,4.0,7,2,1,2024,7,2024,8,2024-02-18,2024-02-01,2024-01-01,2024-01-01,2024-02-24,2024-02-29,2024-03-31,2024-12-31,53,7,29,91,366,false,false,false,false,true,false,false,true,false,false,false,false,false,false,false,false,false,0.7142857142857143,0.75862068965517238,0.58241758241758246,0.1448087431693989,1.4,1.3181818181818181,1.7169811320754718,6.90566037735849,3,3,3,3,4,3,3,4,4,4,4,5,4,4,,,,,4,,,,,
2024-02-23,6,23,54,4.0,7,2,1,2024,7,2024,8,2024-02-18,2024-02-01,2024-01-01,2024-01-01,2024-02-24,2024-02-29,2024-03-31,2024-12-31,54,7,29,91,366,false,false,false,false,false,true,false,true,false,false,false,false,false,false,false,false,false,0.8571428571428571,0.7931034482758621,0.59340659340659341,0.14754098360655737,1.1666666666666667,1.2608695652173914,1.6851851851851851,6.7777777777777777,3,3,3,3,4,4,3,4,4,4,4,5,4,4,,,,,,4,,,,
2024-02-24,7,24,55,4.0,7,2,1,2024,8,2024,8,2024-02-18,2024-02-01,2024-01-01,2024-01-01,2024-02-24,2024-02-29,2024-03-31,2024-12-31,55,7,29,91,366,false,false,false,false,false,false,true,false,true,false,false,false,false,true,false,false,false,1.0,0.82758620689655171,0.60439560439560436,0.15027322404371585,1.0,1.2083333333333333,1.6545454545454545,6.6545454545454543,3,3,3,3,4,4,4,4,4,4,4,5,4,4,,,,,,,4,,,
2024-02-25,1,25,56,4.0,8,2,1,2024,8,2024,8,2024-02-25,2024-02-01,2024-01-01,2024-01-01,2024-03-02,2024-02-29,2024-03-31,2024-12-31,56,7,29,91,366,true,false,false,false,false,false,false,false,true,true,false,false,false,false,false,false,false,0.14285714285714285,0.86206896551724133,0.61538461538461542,0.15300546448087432,7.0,1.16,1.625,6.5357142857142856,4,3,3,3,4,4,4,4,4,4,4,5,4,4,4,,,,,,,,,
2024-02-26,2,26,57,4.0,8,2,1,2024,8,2024,9,2024-02-25,2024-02-01,2024-01-01,2024-01-01,2024-03-02,2024-02-29,2024-03-31,2024-12-31,57,7,29,91,366,false,false,true,false,false,false,false,true,false,false,false,false,false,false,false,false,false,0.2857142857142857,0.896551724137931,0.62637362637362637,0.15573770491803279,3.5,1.1153846153846154,1.5964912280701755,6.4210526315789478,4,4,3,3,4,4,4,4,4,4,4,5,4,4,,4,,,,,,,,
2024-02-27,3,27,58,4.0,8,2,1,2024,8,2024,9,2024-02-25,2024-02-01,2024-01-01,2024-01-01,2024-03-02,2024-02-29,2024-03-31,2024-12-31,58,7,29,91,366,false,true,false,false,false,false,false,true,false,false,false,false,false,false,false,false,false,0.42857142857142855,0.93103448275862066,0.63736263736263732,0.15846994535519127,2.3333333333333335,1.0740740740740742,1.5689655172413792,6.3103448275862073,4,4,4,3,4,4,4,4,4,4,4,5,4,4,,,4,,,,,,,
2024-02-28,4,28,59,4.0,8,2,1,2024,8,2024,9,2024-02-25,2024-02-01,2024-01-01,2024-01-01,2024-03-02,2024-02-29,2024-03-31,2024-12-31,59,7,29,91,366,false,false,false,true,false,false,false,true,false,false,false,false,false,false,false,false,false,0.5714285714285714,0.96551724137931039,0.64835164835164838,0.16120218579234974,1.75,1.0357142857142858,1.5423728813559323,6.2033898305084749,4,4,4,4,4,4,4,4,4,4,4,5,4,4,,,,4,,,,,,
2024-02-29,5,29,60,5.0,8,2,1,2024,8,2024,9,2024-02-25,2024-02-01,2024-01-01,2024-01-01,2024-03-02,2024-02-29,2024-03-31,2024-12-31,60,7,29,91,366,false,false,false,false,true,false,false,true,false,false,false,false,false,false,true,false,false,0.7142857142857143,1.0,0.65934065934065933,0.16393442622950818,1.4,1.0,1.5166666666666666,6.1,4,4,4,4,5,4,4,4,4,4,4,5,4,4,,,,,5,,,,,
2024-03-01,6,1,61,1.0,8,3,1,2024,8,2024,9,2024-02-25,2024-03-01,2024-01-01,2024-01-01,2024-03-02,2024-03-31,2024-03-31,2024-12-31,61,7,31,91,366,false,false,false,false,false,true,false,true,false,false,true,false,false,false,false,false,false,0.8571428571428571,0.032258064516129031,0.67032967032967028,0.16666666666666666,1.1666666666666667,31.0,1.4918032786885247,6.0,0,0,0,0,0,1,0,5,4,4,4,4,5,5,,,,,,1,,,,
2024-03-02,7,2,62,1.0,8,3,1,2024,9,2024,9,2024-02-25,2024-03-01,2024-01-01,2024-01-01,2024-03-02,2024-03-31,2024-03-31,2024-12-31,62,7,31,91,366,false,false,false,false,false,false,true,false,true,false,false,false,false,true,false,false,false,1.0,0.064516129032258063,0.68131868131868134,0.16939890710382513,1.0,15.5,1.467741935483871,5.903225806451613,0,0,0,0,0,1,1,5,4,4,4,4,5,5,,,,,,,1,,,
2024-03-03,1,3,63,1.0,9,3,1,2024,9,2024,9,2024-03-03,2024-03-01,2024-01-01,2024-01-01,2024-03-09,2024-03-31,2024-03-31,2024-12-31,63,7,31,91,366,true,false,false,false,false,false,false,false,true,true,false,false,false,false,false,false,false,0.14285714285714285,0.0967741935483871,0.69230769230769229,0.1721311475409836,7.0,10.333333333333334,1.4444444444444444,5.8095238095238093,1,0,0,0,0,1,1,5,4,4,4,4,5,5,1,,,,,,,,,
2024-03-04,2,4,64,1.0,9,3,1,2024,9,2024,10,2024-03-03,2024-03-01,2024-01-01,2024-01-01,2024-03-09,2024-03-31,2024-03-31,2024-12-31,64,7,31,91,366,false,false,true,false,false,false,false,true,false,false,false,false,false,false,false,false,false,0.2857142857142857,0.12903225806451613,0.70329670329670335,0.17486338797814208,3.5,7.75,1.421875,5.71875,1,1,0,0,0,1,1,5,4,4,4,4,5,5,,1,,,,,,,,
2024-03-05,3,5,65,1.0,9,3,1,2024,9,2024,10,2024-03-03,2024-03-01,2024-01-01,2024-01-01,2024-03-09,2024-03-31,2024-03-31,2024-12-31,65,7,31,91,366,false,true,false,false,false,false,false,true,false,false,false,false,false,false,false,false,false,0.42857142857142855,0.16129032258064516,0.7142857142857143,0.17759562841530055,2.3333333333333335,6.2,1.4,5.6307692307692312,1,1,1,0,0,1,1,5,4,4,4,4,5,5,,,1,,,,,,,
2024-03-06,4,6,66,1.0,9,3,1,2024,9,2024,10,2024-03-03,2024-03-01,2024-01-01,2024-01-01,2024-03-09,2024-03-31,2024-03-31,2024-12-31,66,7,31,91,366,false,false,false,true,false,false,false,true,false,false,false,false,false,false,false,false,false,0.5714285714285714,0.19354838709677419,0.72527472527472525,0.18032786885245902,1.75,5.166666666666667,1.3787878787878789,5.5454545454545459,1,1,1,1,0,1,1,5,4,4,4,4,5,5,,,,1,,,,,,
2024-03-07,5,7,67,1.0,9,3,1,2024,9,2024,10,2024-03-03,2024-03-01,2024-01-01,2024-01-01,2024-03-09,2024-03-31,2024-03-31,2024-12-31,67,7,31,91,366,false,false,false,false,true,false,false,true,false,false,false,false,false,false,false,false,false,0.7142857142857143,0.22580645161290322,0.73626373626373631,0.1830601092896175,1.4,4.4285714285714288,1.3582089552238805,5.4626865671641793,1,1,1,1,1,1,1,5,4,4,4,4,5,5,,,,,1,,,,,
2024-03-08,6,8,68,2.0,9,3,1,2024,9,2024,10,2024-03-03,2024-03-01,2024-01-01,2024-01-01,2024-03-09,2024-03-31,2024-03-31,2024-12-31,68,7,31,91,366,false,false,false,false,false,true,false,true,false,false,false,false,false,false,false,false,false,0.8571428571428571,0.25806451612903225,0.74725274725274726,0.18579234972677597,1.1666666666666667,3.875,1.338235294117647,5.382352941176471,1,1,1,1,1,2,1,5,4,4,4,4,5,5,,,,,,2,,,,
2024-03-09,7,9,69,2.0,9,3,1,2024,10,2024,10,2024-03-03,2024-03-01,2024-01-01,2024-01-01,2024-03-09,2024-03-31,2024-03-31,2024-12-31,69,7,31,91,366,false,false,false,false,false,false,true,false,true,false,false,false,false,true,false,false,false,1.0,0.29032258064516131,0.75824175824175821,0.18852459016393441,1.0,3.4444444444444446,1.318840579710145,5.3043478260869561,1,1,1,1,1,2,2,5,4,4,4,4,5,5,,,,,,,2,,,
2024-03-10,1,10,70,2.0,10,3,1,2024,10,2024,10,2024-03-10,2024-03-01,2024-01-01,2024-01-01,2024-03-16,2024-03-31,2024-03-31,2024-12-31,70,7,31,91,366,true,false,false,false,false,false,false,false,true,true,false,false,false,false,false,false,false,0.14285714285714285,0.32258064516129031,0.76923076923076927,0.19125683060109289,7.0,3.1,1.3,5.2285714285714286,2,1,1,1,1,2,2,5,4,4,4,4,5,5,2,,,,,,,,,
2024-03-11,2,11,71,2.0,10,3,1,2024,10,2024,11,2024-03-10,2024-03-01,2024-01-01,2024-01-01,2024-03-16,2024-03-31,2024-03-31,2024-12-31,71,7,31,91,366,false,false,true,false,false,false,false,true,false,false,false,false,false,false,false,false,false,0.2857142857142857,0.35483870967741937,0.78021978021978022,0.19398907103825136,3.5,2.8181818181818183,1.2816901408450705,5.154929577464789,2,2,1,1,1,2,2,5,4,4,4,4,5,5,,2,,,,,,,,
2024-03-12,3,12,72,2.0,10,3,1,2024,10,2024,11,2024-03-10,2024-03-01,2024-01-01,2024-01-01,2024-03-16,2024-03-31,2024-03-31,2024-12-31,72,7,31,91,366,false,true,false,false,false,false,false,true,false,false,false,false,false,false,false,false,false,0.42857142857142855,0.38709677419354838,0.79120879120879117,0.19672131147540983,2.3333333333333335,2.5833333333333335,1.2638888888888888,5.083333333333333,2,2,2,1,1,2,2,5,4,4,4,4,5,5,,,2,,,,,,,
2024-03-13,4,13,73,2.0,10,3,1,2024,10,2024,11,2024-03-10,2024-03-01,2024-01-01,2024-01-01,2024-03-16,2024-03-31,2024-03-31,2024-12-31,73,7,31,91,366,false,false,false,true,false,false,false,true,false,false,false,false,false,false,false,false,false,0.5714285714285714,0.41935483870967744,0.80219780219780223,0.19945355191256831,1.75,2.3846153846153846,1.2465753424657535,5.0136986301369859,2,2,2,2,1,2,2,5,4,4,4,4,5,5,,,,2,,,,,,
2024-03-14,5,14,74,2.0,10,3,1,2024,10,2024,11,2024-03-10,2024-03-01,2024-01-01,2024-01-01,2024-03-16,2024-03-31,2024-03-31,2024-12-31,74,7,31,91,366,false,false,false,false,true,false,false,true,false,false,false,false,false,false,false,false,false,0.7142857142857143,0.45161290322580644,0.81318681318681318,0.20218579234972678,1.4,2.2142857142857144,1.2297297297297298,4.9459459459459456,2,2,2,2,2,2,2,5,4,4,4,4,5,5,,,,,2,,,,,
2024-03-15,6,15,75,3.0,10,3,1,2024,10,2024,11,2024-03-10,2024-03-01,2024-01-01,2024-01-01,2024-03-16,2024-03-31,2024-03-31,2024-12-31,75,7,31,91,366,false,false,false,false,false,true,false,true,false,false,false,false,false,false,false,false,false,0.8571428571428571,0.4838709677419355,0.82417582417582413,0.20491803278688525,1.1666666666666667,2.0666666666666669,1.2133333333333334,4.88,2,2,2,2,2,3,2,5,4,4,4,4,5,5,,,,,,3,,,,
2024-03-16,7,16,76,3.0,10,3,1,2024,11,2024,11,2024-03-10,2024-03-01,2024-01-01,2024-01-01,2024-03-16,2024-03-31,2024-03-31,2024-12-31,76,7,31,91,366,false,false,false,false,false,false,true,false,true,false,false,false,false,true,false,false,false,1.0,0.5161290322580645,0.8351648351648352,0.20765027322404372,1.0,1.9375,1.1973684210526316,4.8157894736842106,2,2,2,2,2,3,3,5,4,4,4,4,5,5,,,,,,,3,,,
2024-03-17,1,17,77,3.0,11,3,1,2024,11,2024,11,2024-03-17,2024-03-01,2024-01-01,2024-01-01,2024-03-23,2024-03-31,2024-03-31,2024-12-31,77,7,31,91,366,true,false,false,false,false,false,false,false,true,true,false,false,false,false,false,false,false,0.14285714285714285,0.54838709677419351,0.84615384615384615,0.2103825136612022,7.0,1.8235294117647058,1.1818181818181819,4.7532467532467528,3,2,2,2,2,3,3,5,4,4,4,4,5,5,3,,,,,,,St. Patrick's Day,,St. Patrick's Day
2024-03-18,2,18,78,3.0,11,3,1,2024,11,2024,12,2024-03-17,2024-03-01,2024-01-01,2024-01-01,2024-03-23,2024-03-31,2024-03-31,2024-12-31,78,7,31,91,366,false,false,true,false,false,false,false,true,false,false,false,false,false,false,false,false,false,0.2857142857142857,0.58064516129032262,0.8571428571428571,0.21311475409836064,3.5,1.7222222222222223,1.1666666666666667,4.6923076923076925,3,3,2,2,2,3,3,5,4,4,4,4,5,5,,3,,,,,,,,
2024-03-19,3,19,79,3.0,11,3,1,2024,11,2024,12,2024-03-17,2024-03-01,2024-01-01,2024-01-01,2024-03-23,2024-03-31,2024-03-31,2024-12-31,79,7,31,91,366,false,true,false,false,false,false,false,true,false,false,false,false,false,false,false,false,false,0.42857142857142855,0.61290322580645162,0.86813186813186816,0.21584699453551912,2.3333333333333335,1.631578947368421,1.1518987341772151,4.6329113924050631,3,3,3,2,2,3,3,5,4,4,4,4,5,5,,,3,,,,,,,
2024-03-20,4,20,80,3.0,11,3,1,2024,11,2024,12,2024-03-17,2024-03-01,2024-01-01,2024-01-01,2024-03-23,2024-03-31,2024-03-31,2024-12-31,80,7,31,91,366,false,false,false,true,false,false,false,true,false,false,false,false,false,false,false,false,false,0.5714285714285714,0.64516129032258063,0.87912087912087911,0.21857923497267759,1.75,1.55,1.1375,4.575,3,3,3,3,2,3,3,5,4,4,4,4,5,5,,,,3,,,,,,
2024-03-21,5,21,81,3.0,11,3,1,2024,11,2024,12,2024-03-17,2024-03-01,2024-01-01,2024-01-01,2024-03-23,2024-03-31,2024-03-31,2024-12-31,81,7,31,91,366,false,false,false,false,true,false,false,true,false,false,false,false,false,false,false,false,false,0.7142857142857143,0.67741935483870963,0.89010989010989006,0.22131147540983606,1.4,1.4761904761904763,1.1234567901234569,4.5185185185185182,3,3,3,3,3,3,3,5,4,4,4,4,5,5,,,,,3,,,,,
2024-03-22,6,22,82,4.0,11,3,1,2024,11,2024,12,2024-03-17,2024-03-01,2024-01-01,2024-01-01,2024-03-23,2024-03-31,2024-03-31,2024-12-31,82,7,31,91,366,false,false,false,false,false,true,false,true,false,false,false,false,false,false,false,false,false,0.8571428571428571,0.70967741935483875,0.90109890109890112,0.22404371584699453,1.1666666666666667,1.4090909090909092,1.1097560975609757,4.4634146341463419,3,3,3,3,3,4,3,5,4,4,4,4,5,5,,,,,,4,,,,
2024-03-23,7,23,83,4.0,11,3,1,2024,12,2024,12,2024-03-17,2024-03-01,2024-01-01,2024-01-01,2024-03-23,2024-03-31,2024-03-31,2024-12-31,83,7,31,91,366,false,false,false,false,false,false,true,false,true,false,false,false,false,true,false,false,false,1.0,0.74193548387096775,0.91208791208791207,0.226775956284153,1.0,1.3478260869565217,1.0963855421686748,4.4096385542168672,3,3,3,3,3,4,4,5,4,4,4,4,5,5,,,,,,,4,,,
2024-03-24,1,24,84,4.0,12,3,1,2024,12,2024,12,2024-03-24,2024-03-01,2024-01-01,2024-01-01,2024-03-30,2024-03-31,2024-03-31,2024-12-31,84,7,31,91,366,true,false,false,false,false,false,false,false,true,true,false,false,false,false,false,false,false,0.14285714285714285,0.77419354838709675,0.92307692307692313,0.22950819672131148,7.0,1.2916666666666667,1.0833333333333333,4.3571428571428568,4,3,3,3,3,4,4,5,4,4,4,4,5,5,4,,,,,,,,,
2024-03-25,2,25,85,4.0,12,3,1,2024,12,2024,13,2024-03-24,2024-03-01,2024-01-01,2024-01-01,2024-03-30,2024-03-31,2024-03-31,2024-12-31,85,7,31,91,366,false,false,true,false,false,false,false,true,false,false,false,false,false,false,false,false,false,0.2857142857142857,0.80645161290322576,0.93406593406593408,0.23224043715846995,3.5,1.24,1.0705882352941176,4.3058823529411763,4,4,3,3,3,4,4,5,4,4,4,4,5,5,,4,,,,,,,,
2024-03-26,3,26,86,4.0,12,3,1,2024,12,2024,13,2024-03-24,2024-03-01,2024-01-01,2024-01-01,2024-03-30,2024-03-31,2024-03-31,2024-12-31,86,7,31,91,366,false,true,false,false,false,false,false,true,false,false,false,false,false,false,false,false,false,0.42857142857142855,0.83870967741935487,0.945054945054945,0.23497267759562843,2.3333333333333335,1.1923076923076923,1.058139534883721,4.2558139534883717,4,4,4,3,3,4,4,5,4,4,4,4,5,5,,,4,,,,,,,
2024-03-27,4,27,87,4.0,12,3,1,2024,12,2024,13,2024-03-24,2024-03-01,2024-01-01,2024-01-01,2024-03-30,2024-03-31,2024-03-31,2024-12-31,87,7,31,91,366,false,false,false,true,false,false,false,true,false,false,false,false,false,false,false,false,false,0.5714285714285714,0.87096774193548387,0.95604395604395609,0.23770491803278687,1.75,1.1481481481481481,1.0459770114942528,4.2068965517241379,4,4,4,4,3,4,4,5,4,4,4,4,5,5,,,,4,,,,,,
2024-03-28,5,28,88,4.0,12,3,1,2024,12,2024,13,2024-03-24,2024-03-01,2024-01-01,2024-01-01,2024-03-30,2024-03-31,2024-03-31,2024-12-31,88,7,31,91,366,false,false,false,false,true,false,false,true,false,false,false,false,false,false,false,false,false,0.7142857142857143,0.90322580645161288,0.967032967032967,0.24043715846994534,1.4,1.1071428571428572,1.0340909090909092,4.1590909090909092,4,4,4,4,4,4,4,5,4,4,4,4,5,5,,,,,4,,,,,
2024-03-29,6,29,89,5.0,12,3,1,2024,12,2024,13,2024-03-24,2024-03-01,2024-01-01,2024-01-01,2024-03-30,2024-03-31,2024-03-31,2024-12-31,89,7,31,91,366,false,false,false,false,false,true,false,true,false,false,false,false,false,false,false,false,false,0.8571428571428571,0.93548387096774188,0.978021978021978,0.24316939890710382,1.1666666666666667,1.0689655172413792,1.0224719101123596,4.1123595505617976,4,4,4,4,4,5,4,5,4,4,4,4,5,5,,,,,,5,,,,
2024-03-30,7,30,90,5.0,12,3,1,2024,13,2024,13,2024-03-24,2024-03-01,2024-01-01,2024-01-01,2024-03-30,2024-03-31,2024-03-31,2024-12-31,90,7,31,91,366,false,false,false,false,false,false,true,false,true,false,false,false,false,true,false,false,false,1.0,0.967741935483871,0.989010989010989,0.24590163934426229,1.0,1.0333333333333334,1.0111111111111111,4.0666666666666664,4,4,4,4,4,5,5,5,4,4,4,4,5,5,,,,,,,5,,,
2024-03-31,1,31,91,5.0,13,3,1,2024,13,2024,13,2024-03-31,2024-03-01,2024-01-01,2024-01-01,2024-04-06,2024-03-31,2024-03-31,2024-12-31,91,7,31,91,366,true,false,false,false,false,false,false,false,true,true,false,false,false,false,true,true,false,0.14285714285714285,1.0,1.0,0.24863387978142076,7.0,1.0,1.0,4.0219780219780219,5,4,4,4,4,5,5,5,4,4,4,4,5,5,5,,,,,,,,,
2024-04-01,2,1,92,1.0,13,4,2,2024,13,2024,14,2024-03-31,2024-04-01,2024-04-01,2024-01-01,2024-04-06,2024-04-30,2024-06-30,2024-12-31,1,7,30,91,366,false,false,true,false,false,false,false,true,false,false,true,true,false,false,false,false,false,0.2857142857142857,0.033333333333333333,0.01098901098901099,0.25136612021857924,3.5,30.0,91.0,3.9782608695652173,0,1,0,0,0,0,0,4,5,5,4,4,4,4,,1,,,,,,,,
2024-04-02,3,2,93,1.0,13,4,2,2024,13,2024,14,2024-03-31,2024-04-01,2024-04-01,2024-01-01,2024-04-06,2024-04-30,2024-06-30,2024-12-31,2,7,30,91,366,false,true,false,false,false,false,false,true,false,false,false,false,false,false,false,false,false,0.42857142857142855,0.066666666666666666,0.02197802197802198,0.25409836065573771,2.3333333333333335,15.0,45.5,3.935483870967742,0,1,1,0,0,0,0,4,5,5,4,4,4,4,,,1,,,,,,,
2024-04-03,4,3,94,1.0,13,4,2,2024,13,2024,14,2024-03-31,2024-04-01,2024-04-01,2024-01-01,2024-04-06,2024-04-30,2024-06-30,2024-12-31,3,7,30,91,366,false,false,false,true,false,false,false,true,false,false,false,false,false,false,false,false,false,0.5714285714285714,0.1,0.032967032967032968,0.25683060109289618,1.75,10.0,30.333333333333332,3.8936170212765959,0,1,1,1,0,0,0,4,5,5,4,4,4,4,,,,1,,,,,,
2024-04-04,5,4,95,1.0,13,4,2,2024,13,2024,14,2024-03-31,2024-04-01,2024-04-01,2024-01-01,2024-04-06,2024-04-30,2024-06-30,2024-12-31,4,7,30,91,366,false,false,false,false,true,false,false,true,false,false,false,false,false,false,false,false,false,0.7142857142857143,0.13333333333333333,0.043956043956043959,0.25956284153005466,1.4,7.5,22.75,3.8526315789473684,0,1,1,1,1,0,0,4,5,5,4,4,4,4,,,,,1,,,,,
2024-04-05,6,5,96,1.0,13,4,2,2024,13,2024,14,2024-03-31,2024-04-01,2024-04-01,2024-01-01,2024-04-06,2024-04-30,2024-06-30,2024-12-31,5,7,30,91,366,false,false,false,false,false,true,false,true,false,false,false,false,false,false,false,false,false,0.8571428571428571,0.16666666666666666,0.054945054945054944,0.26229508196721313,1.1666666666666667,6.0,18.2,3.8125,0,1,1,1,1,1,0,4,5,5,4,4,4,4,,,,,,1,,,,
2024-04-06,7,6,97,1.0,13,4,2,2024,14,2024,14,2024-03-31,2024-04-01,2024-04-01,2024-01-01,2024-04-06,2024-04-30,2024-06-30,2024-12-31,6,7,30,91,366,false,false,false,false,false,false,true,false,true,false,false,false,false,true,false,false,false,1.0,0.2,0.065934065934065936,0.2650273224043716,1.0,5.0,15.166666666666666,3.7731958762886597,0,1,1,1,1,1,1,4,5,5,4,4,4,4,,,,,,,1,,,
2024-04-07,1,7,98,1.0,14,4,2,2024,14,2024,14,2024-04-07,2024-04-01,2024-04-01,2024-01-01,2024-04-13,2024-04-30,2024-06-30,2024-12-31,7,7,30,91,366,true,false,false,false,false,false,false,false,true,true,false,false,false,false,false,false,false,0.14285714285714285,0.23333333333333334,0.076923076923076927,0.26775956284153007,7.0,4.2857142857142856,13.0,3.7346938775510203,1,1,1,1,1,1,1,4,5,5,4,4,4,4,1,,,,,,,,,
2024-04-08,2,8,99,2.0,14,4,2,2024,14,2024,15,2024-04-07,2024-04-01,2024-04-01,2024-01-01,2024-04-13,2024-04-30,2024-06-30,2024-12-31,8,7,30,91,366,false,false,true,false,false,false,false,true,false,false,false,false,false,false,false,false,false,0.2857142857142857,0.26666666666666666,0.087912087912087919,0.27049180327868855,3.5,3.75,11.375,3.6969696969696968,1,2,1,1,1,1,1,4,5,5,4,4,4,4,,2,,,,,,,,
2024-04-09,3,9,100,2.0,14,4,2,2024,14,2024,15,2024-04-07,2024-04-01,2024-04-01,2024-01-01,2024-04-13,2024-04-30,2024-06-30,2024-12-31,9,7,30,91,366,false,true,false,false,false,false,false,true,false,false,false,false,false,false,false,false,false,0.42857142857142855,0.3,0.0989010989010989,0.273224043715847,2.3333333333333335,3.3333333333333335,10.111111111111111,3.66,1,2,2,1,1,1,1,4,5,5,4,4,4,4,,,2,,,,,,,
2024-04-10,4,10,101,2.0,14,4,2,2024,14,2024,15,2024-04-07,2024-04-01,2024-04-01,2024-01-01,2024-04-13,2024-04-30,2024-06-30,2024-12-31,10,7,30,91,366,false,false,false,true,false,false,false,true,false,false,false,false,false,false,false,false,false,0.5714285714285714,0.33333333333333331,0.10989010989010989,0.27595628415300544,1.75,3.0,9.1,3.6237623762376239,1,2,2,2,1,1,1,4,5,5,4,4,4,4,,,,2,,,,,,
2024-04-11,5,11,102,2.0,14,4,2,2024,14,2024,15,2024-04-07,2024-04-01,2024-04-01,2024-01-01,2024-04-13,2024-04-30,2024-06-30,2024-12-31,11,7,30,91,366,false,false,false,false,true,false,false,true,false,false,false,false,false,false,false,false,false,0.7142857142857143,0.36666666666666664,0.12087912087912088,0.27868852459016391,1.4,2.7272727272727271,8.2727272727272734,3.5882352941176472,1,2,2,2,2,1,1,4,5,5,4,4,4,4,,,,,2,,,,,
2024-04-12,6,12,103,2.0,14,4,2,2024,14,2024,15,2024-04-07,2024-04-01,2024-04-01,2024-01-01,2024-04-13,2024-04-30,2024-06-30,2024-12-31,12,7,30,91,366,false,false,false,false,false,true,false,true,false,false,false,false,false,false,false,false,false,0.8571428571428571,0.4,0.13186813186813187,0.28142076502732238,1.1666666666666667,2.5,7.583333333333333,3.5533980582524274,1,2,2,2,2,2,1,4,5,5,4,4,4,4,,,,,,2,,,,
2024-04-13,7,13,104,2.0,14,4,2,2024,15,2024,15,2024-04-07,2024-04-01,2024-04-01,2024-01-01,2024-04-13,2024-04-30,2024-06-30,2024-12-31,13,7,30,91,366,false,false,false,false,false,false,true,false,true,false,false,false,false,true,false,false,false,1.0,0.43333333333333335,0.14285714285714285,0.28415300546448086,1.0,2.3076923076923075,7.0,3.5192307692307692,1,2,2,2,2,2,2,4,5,5,4,4,4,4,,,,,,,2,,,
2024-04-14,1,14,105,2.0,15,4,2,2024,15,2024,15,2024-04-14,2024-04-01,2024-04-01,2024-01-01,2024-04-20,2024-04-30,2024-06-30,2024-12-31,14,7,30,91,366,true,false,false,false,false,false,false,false,true,true,false,false,false,false,false,false,false,0.14285714285714285,0.46666666666666667,0.15384615384615385,0.28688524590163933,7.0,2.1428571428571428,6.5,3.4857142857142858,2,2,2,2,2,2,2,4,5,5,4,4,4,4,2,,,,,,,,,
2024-04-15,2,15,106,3.0,15,4,2,2024,15,2024,16,2024-04-14,2024-04-01,2024-04-01,2024-01-01,2024-04-20,2024-04-30,2024-06-30,2024-12-31,15,7,30,91,366,false,false,true,false,false,false,false,true,false,false,false,false,false,false,false,false,false,0.2857142857142857,0.5,0.16483516483516483,0.2896174863387978,3.5,2.0,6.0666666666666664,3.4528301886792452,2,3,2,2,2,2,2,4,5,5,4,4,4,4,,3,,,,,,,,
2024-04-16,3,16,107,3.0,15,4,2,2024,15,2024,16,2024-04-14,2024-04-01,2024-04-01,2024-01-01,2024-04-20,2024-04-30,2024-06-30,2024-12-31,16,7,30,91,366,false,true,false,false,false,false,false,true,false,false,false,false,false,false,false,false,false,0.42857142857142855,0.53333333333333333,0.17582417582417584,0.29234972677595628,2.3333333333333335,1.875,5.6875,3.4205607476635516,2,3,3,2,2,2,2,4,5,5,4,4,4,4,,,3,,,,,,,
2024-04-17,4,17,108,3.0,15,4,2,2024,15,2024,16,2024-04-14,2024-04-01,2024-04-01,2024-01-01,2024-04-20,2024-04-30,2024-06-30,2024-12-31,17,7,30,91,366,false,false,false,true,false,false,false,true,false,false,false,false,false,false,false,false,false,0.5714285714285714,0.56666666666666665,0.18681318681318682,0.29508196721311475,1.75,1.7647058823529411,5.3529411764705879,3.3888888888888888,2,3,3,3,2,2,2,4,5,5,4,4,4,4,,,,3,,,,,,
2024-04-18,5,18,109,3.0,15,4,2,2024,15,2024,16,2024-04-14,2024-04-01,2024-04-01,2024-01-01,2024-04-20,2024-04-30,2024-06-30,2024-12-31,18,7,30,91,366,false,false,false,false,true,false,false,true,false,false,false,false,false,false,false,false,false,0.7142857142857143,0.6,0.19780219780219779,0.29781420765027322,1.4,1.6666666666666667,5.0555555555555554,3.3577981651376145,2,3,3,3,3,2,2,4,5,5,4,4,4,4,,,,,3,,,,,
2024-04-19,6,19,110,3.0,15,4,2,2024,15,2024,16,2024-04-14,2024-04-01,2024-04-01,2024-01-01,2024-04-20,2024-04-30,2024-06-30,2024-12-31,19,7,30,91,366,false,false,false,false,false,true,false,true,false,false,false,false,false,false,false,false,false,0.8571428571428571,0.6333333333333333,0.2087912087912088,0.30054644808743169,1.1666666666666667,1.5789473684210527,4.7894736842105265,3.3272727272727272,2,3,3,3,3,3,2,4,5,5,4,4,4,4,,,,,,3,,,,
2024-04-20,7,20,111,3.0,15,4,2,2024,16,2024,16,2024-04-14,2024-04-01,2024-04-01,2024-01-01,2024-04-20,2024-04-30,2024-06-30,2024-12-31,20,7,30,91,366,false,false,false,false,false,false,true,false,true,false,false,false,false,true,false,false,false,1.0,0.66666666666666663,0.21978021978021978,0.30327868852459017,1.0,1.5,4.55,3.2972972972972974,2,3,3,3,3,3,3,4,5,5,4,4,4,4,,,,,,,3,,,
2024-04-21,1,21,112,3.0,16,4,2,2024,16,2024,16,2024-04-21,2024-04-01,2024-04-01,2024-01-01,2024-04-27,2024-04-30,2024-06-30,2024-12-31,21,7,30,91,366,true,false,false,false,false,false,false,false,true,true,false,false,false,false,false,false,false,0.14285714285714285,0.7,0.23076923076923078,0.30601092896174864,7.0,1.4285714285714286,4.333333333333333,3.2678571428571428,3,3,3,3,3,3,3,4,5,5,4,4,4,4,3,,,,,,,,,
2024-04-22,2,22,113,4.0,16,4,2,2024,16,2024,17,2024-04-21,2024-04-01,2024-04-01,2024-01-01,2024-04-27,2024-04-30,2024-06-30,2024-12-31,22,7,30,91,366,false,false,true,false,false,false,false,true,false,false,false,false,false,false,false,false,false,0.2857142857142857,0.73333333333333328,0.24175824175824176,0.30874316939890711,3.5,1.3636363636363635,4.1363636363636367,3.2389380530973453,3,4,3,3,3,3,3,4,5,5,4,4,4,4,,4,,,,,,,,
2024-04-23,3,23,114,4.0,16,4,2,2024,16,2024,17,2024-04-21,2024-04-01,2024-04-01,2024-01-01,2024-04-27,2024-04-30,2024-06-30,2024-12-31,23,7,30,91,366,false,true,false,false,false,false,false,true,false,false,false,false,false,false,false,false,false,0.42857142857142855,0.76666666666666672,0.25274725274725274,0.31147540983606559,2.3333333333333335,1.3043478260869565,3.9565217391304346,3.2105263157894739,3,4,4,3,3,3,3,4,5,5,4,4,4,4,,,4,,,,,,,
2024-04-24,4,24,115,4.0,16,4,2,2024,16,2024,17,2024-04-21,2024-04-01,2024-04-01,2024-01-01,2024-04-27,2024-04-30,2024-06-30,2024-12-31,24,7,30,91,366,false,false,false,true,false,false,false,true,false,false,false,false,false,false,false,false,false,0.5714285714285714,0.8,0.26373626373626374,0.31420765027322406,1.75,1.25,3.7916666666666665,3.1826086956521737,3,4,4,4,3,3,3,4,5,5,4,4,4,4,,,,4,,,,,,
2024-04-25,5,25,116,4.0,16,4,2,2024,16,2024,17,2024-04-21,2024-04-01,2024-04-01,2024-01-01,2024-04-27,2024-04-30,2024-06-30,2024-12-31,25,7,30,91,366,false,false,false,false,true,false,false,true,false,false,false,false,false,false,false,false,false,0.7142857142857143,0.83333333333333337,0.27472527472527475,0.31693989071038253,1.4,1.2,3.64,3.1551724137931036,3,4,4,4,4,3,3,4,5,5,4,4,4,4,,,,,4,,,,,
2024-04-26,6,26,117,4.0,16,4,2,2024,16,2024,17,2024-04-21,2024-04-01,2024-04-01,2024-01-01,2024-04-27,2024-04-30,2024-06-30,2024-12-31,26,7,30,91,366,false,false,false,false,false,true,false,true,false,false,false,false,false,false,false,false,false,0.8571428571428571,0.8666666666666667,0.2857142857142857,0.319672131147541,1.1666666666666667,1.1538461538461537,3.5,3.1282051282051282,3,4,4,4,4,4,3,4,5,5,4,4,4,4,,,,,,4,,,,
2024-04-27,7,27,118,4.0,16,4,2,2024,17,2024,17,2024-04-21,2024-04-01,2024-04-01,2024-01-01,2024-04-27,2024-04-30,2024-06-30,2024-12-31,27,7,30,91,366,false,false,false,false,false,false,true,false,true,false,false,false,false,true,false,false,false,1.0,0.9,0.2967032967032967,0.32240437158469948,1.0,1.1111111111111112,3.3703703703703702,3.1016949152542375,3,4,4,4,4,4,4,4,5,5,4,4,4,4,,,,,,,4,,,
2024-04-28,1,28,119,4.0,17,4,2,2024,17,2024,17,2024-04-28,2024-04-01,2024-04-01,2024-01-01,2024-05-04,2024-04-30,2024-06-30,2024-12-31,28,7,30,91,366,true,false,false,false,false,false,false,false,true,true,false,false,false,false,false,false,false,0.14285714285714285,0.93333333333333335,0.30769230769230771,0.3251366120218579,7.0,1.0714285714285714,3.25,3.0756302521008405,4,4,4,4,4,4,4,4,5,5,4,4,4,4,4,,,,,,,,,
2024-04-29,2,29,120,5.0,17,4,2,2024,17,2024,18,2024-04-28,2024-04-01,2024-04-01,2024-01-01,2024-05-04,2024-04-30,2024-06-30,2024-12-31,29,7,30,91,366,false,false,true,false,false,false,false,true,false,false,false,false,false,false,false,false,false,0.2857142857142857,0.96666666666666667,0.31868131868131866,0.32786885245901637,3.5,1.0344827586206897,3.1379310344827585,3.05,4,5,4,4,4,4,4,4,5,5,4,4,4,4,,5,,,,,,,,
2024-04-30,3,30,121,5.0,17,4,2,2024,17,2024,18,2024-04-28,2024-04-01,2024-04-01,2024-01-01,2024-05-04,2024-04-30,2024-06-30,2024-12-31,30,7,30,91,366,false,true,false,false,false,false,false,true,false,false,false,false,false,false,true,false,false,0.42857142857142855,1.0,0.32967032967032966,0.33060109289617484,2.3333333333333335,1.0,3.0333333333333332,3.0247933884297522,4,5,5,4,4,4,4,4,5,5,4,4,4,4,,,5,,,,,,,
2024-05-01,4,1,122,1.0,17,5,2,2024,17,2024,18,2024-04-28,2024-05-01,2024-04-01,2024-01-01,2024-05-04,2024-05-31,2024-06-30,2024-12-31,31,7,31,91,366,false,false,false,true,false,false,false,true,false,false,true,false,false,false,false,false,false,0.5714285714285714,0.032258064516129031,0.34065934065934067,0.33333333333333331,1.75,31.0,2.935483870967742,3.0,0,0,0,1,0,0,0,4,4,4,5,5,5,4,,,,1,,,,,,
2024-05-02,5,2,123,1.0,17,5,2,2024,17,2024,18,2024-04-28,2024-05-01,2024-04-01,2024-01-01,2024-05-04,2024-05-31,2024-06-30,2024-12-31,32,7,31,91,366,false,false,false,false,true,false,false,true,false,false,false,false,false,false,false,false,false,0.7142857142857143,0.064516129032258063,0.35164835164835168,0.33606557377049179,1.4,15.5,2.84375,2.975609756097561,0,0,0,1,1,0,0,4,4,4,5,5,5,4,,,,,1,,,,,
2024-05-03,6,3,124,1.0,17,5,2,2024,17,2024,18,2024-04-28,2024-05-01,2024-04-01,2024-01-01,2024-05-04,2024-05-31,2024-06-30,2024-12-31,33,7,31,91,366,false,false,false,false,false,true,false,true,false,false,false,false,false,false,false,false,false,0.8571428571428571,0.0967741935483871,0.36263736263736263,0.33879781420765026,1.1666666666666667,10.333333333333334,2.7575757575757578,2.9516129032258065,0,0,0,1,1,1,0,4,4,4,5,5,5,4,,,,,,1,,,,
2024-05-04,7,4,125,1.0,17,5,2,2024,18,2024,18,2024-04-28,2024-05-01,2024-04-01,2024-01-01,2024-05-04,2024-05-31,2024-06-30,2024-12-31,34,7,31,91,366,false,false,false,false,false,false,true,false,true,false,false,false,false,true,false,false,false,1.0,0.12903225806451613,0.37362637362637363,0.34153005464480873,1.0,7.75,2.6764705882352939,2.928,0,0,0,1,1,1,1,4,4,4,5,5,5,4,,,,,,,1,,,
2024-05-05,1,5,126,1.0,18,5,2,2024,18,2024,18,2024-05-05,2024-05-01,2024-04-01,2024-01-01,2024-05-11,2024-05-31,2024-06-30,2024-12-31,35,7,31,91,366,true,false,false,false,false,false,false,false,true,true,false,false,false,false,false,false,false,0.14285714285714285,0.16129032258064516,0.38461538461538464,0.34426229508196721,7.0,6.2,2.6,2.9047619047619047,1,0,0,1,1,1,1,4,4,4,5,5,5,4,1,,,,,,,,,
2024-05-06,2,6,127,1.0,18,5,2,2024,18,2024,19,2024-05-05,2024-05-01,2024-04-01,2024-01-01,2024-05-11,2024-05-31,2024-06-30,2024-12-31,36,7,31,91,366,false,false,true,false,false,false,false,true,false,false,false,false,false,false,false,false,false,0.2857142857142857,0.19354838709677419,0.39560439560439559,0.34699453551912568,3.5,5.166666666666667,2.5277777777777777,2.8818897637795278,1,1,0,1,1,1,1,4,4,4,5,5,5,4,,1,,,,,,,,
2024-05-07,3,7,128,1.0,18,5,2,2024,18,2024,19,2024-05-05,2024-05-01,2024-04-01,2024-01-01,2024-05-11,2024-05-31,2024-06-30,2024-12-31,37,7,31,91,366,false,true,false,false,false,false,false,true,false,false,false,false,false,false,false,false,false,0.42857142857142855,0.22580645161290322,0.40659340659340659,0.34972677595628415,2.3333333333333335,4.4285714285714288,2.4594594594594597,2.859375,1,1,1,1,1,1,1,4,4,4,5,5,5,4,,,1,,,,,,,
2024-05-08,4,8,129,2.0,18,5,2,2024,18,2024,19,2024-05-05,2024-05-01,2024-04-01,2024-01-01,2024-05-11,2024-05-31,2024-06-30,2024-12-31,38,7,31,91,366,false,false,false,true,false,false,false,true,false,false,false,false,false,false,false,false,false,0.5714285714285714,0.25806451612903225,0.4175824175824176,0.35245901639344263,1.75,3.875,2.3947368421052633,2.8372093023255816,1,1,1,2,1,1,1,4,4,4,5,5,5,4,,,,2,,,,,,
2024-05-09,5,9,130,2.0,18,5,2,2024,18,2024,19,2024-05-05,2024-05-01,2024-04-01,2024-01-01,2024-05-11,2024-05-31,2024-06-30,2024-12-31,39,7,31,91,366,false,false,false,false,true,false,false,true,false,false,false,false,false,false,false,false,false,0.7142857142857143,0.29032258064516131,0.42857142857142855,0.3551912568306011,1.4,3.4444444444444446,2.3333333333333335,2.8153846153846156,1,1,1,2,2,1,1,4,4,4,5,5,5,4,,,,,2,,,,,
2024-05-10,6,10,131,2.0,18,5,2,2024,18,2024,19,2024-05-05,2024-05-01,2024-04-01,2024-01-01,2024-05-11,2024-05-31,2024-06-30,2024-12-31,40,7,31,91,366,false,false,false,false,false,true,false,true,false,false,false,false,false,false,false,false,false,0.8571428571428571,0.32258064516129031,0.43956043956043955,0.35792349726775957,1.1666666666666667,3.1,2.275,2.7938931297709924,1,1,1,2,2,2,1,4,4,4,5,5,5,4,,,,,,2,,,,
2024-05-11,7,11,132,2.0,18,5,2,2024,19,2024,19,2024-05-05,2024-05-01,2024-04-01,2024-01-01,2024-05-11,2024-05-31,2024-06-30,2024-12-31,41,7,31,91,366,false,false,false,false,false,false,true,false,true,false,false,false,false,true,false,false,false,1.0,0.35483870967741937,0.45054945054945056,0.36065573770491804,1.0,2.8181818181818183,2.2195121951219514,2.7727272727272729,1,1,1,2,2,2,2,4,4,4,5,5,5,4,,,,,,,2,,,
2024-05-12,1,12,133,2.0,19,5,2,2024,19,2024,19,2024-05-12,2024-05-01,2024-04-01,2024-01-01,2024-05-18,2024-05-31,2024-06-30,2024-12-31,42,7,31,91,366,true,false,false,false,false,false,false,false,true,true,false,false,false,false,false,false,false,0.14285714285714285,0.38709677419354838,0.46153846153846156,0.36338797814207652,7.0,2.5833333333333335,2.1666666666666665,2.7518796992481205,2,1,1,2,2,2,2,4,4,4,5,5,5,4,2,,,,,,,,Mother's Day,Mother's Day
2024-05-13,2,13,134,2.0,19,5,2,2024,19,2024,20,2024-05-12,2024-05-01,2024-04-01,2024-01-01,2024-05-18,2024-05-31,2024-06-30,2024-12-31,43,7,31,91,366,false,false,true,false,false,false,false,true,false,false,false,false,false,false,false,false,false,0.2857142857142857,0.41935483870967744,0.47252747252747251,0.366120218579235,3.5,2.3846153846153846,2.1162790697674421,2.7313432835820897,2,2,1,2,2,2,2,4,4,4,5,5,5,4,,2,,,,,,,,
2024-05-14,3,14,135,2.0,19,5,2,2024,19,2024,20,2024-05-12,2024-05-01,2024-04-01,2024-01-01,2024-05-18,2024-05-31,2024-06-30,2024-12-31,44,7,31,91,366,false,true,false,false,false,false,false,true,false,false,false,false,false,false,false,false,false,0.42857142857142855,0.45161290322580644,0.48351648351648352,0.36885245901639346,2.3333333333333335,2.2142857142857144,2.0681818181818183,2.7111111111111112,2,2,2,2,2,2,2,4,4,4,5,5,5,4,,,2,,,,,,,
2024-05-15,4,15,136,3.0,19,5,2,2024,19,2024,20,2024-05-12,2024-05-01,2024-04-01,2024-01-01,2024-05-18,2024-05-31,2024-06-30,2024-12-31,45,7,31,91,366,false,false,false,true,false,false,false,true,false,false,false,false,false,false,false,false,false,0.5714285714285714,0.4838709677419355,0.49450549450549453,0.37158469945355194,1.75,2.0666666666666669,2.0222222222222221,2.6911764705882355,2,2,2,3,2,2,2,4,4,4,5,5,5,4,,,,3,,,,,,
2024-05-16,5,16,137,3.0,19,5,2,2024,19,2024,20,2024-05-12,2024-05-01,2024-04-01,2024-01-01,2024-05-18,2024-05-31,2024-06-30,2024-12-31,46,7,31,91,366,false,false,false,false,true,false,false,true,false,false,false,false,false,false,false,false,false,0.7142857142857143,0.5161290322580645,0.50549450549450547,0.37431693989071041,1.4,1.9375,1.9782608695652173,2.6715328467153285,2,2,2,3,3,2,2,4,4,4,5,5,5,4,,,,,3,,,,,
2024-05-17,6,17,138,3.0,19,5,2,2024,19,2024,20,2024-05-12,2024-05-01,2024-04-01,2024-01-01,2024-05-18,2024-05-31,2024-06-30,2024-12-31,47,7,31,91,366,false,false,false,false,false,true,false,true,false,false,false,false,false,false,false,false,false,0.8571428571428571,0.54838709677419351,0.51648351648351654,0.37704918032786883,1.1666666666666667,1.8235294117647058,1.9361702127659575,2.652173913043478,2,2,2,3,3,3,2,4,4,4,5,5,5,4,,,,,,3,,,,
2024-05-18,7,18,139,3.0,19,5,2,2024,20,2024,20,2024-05-12,2024-05-01,2024-04-01,2024-01-01,2024-05-18,2024-05-31,2024-06-30,2024-12-31,48,7,31,91,366,false,false,false,false,false,false,true,false,true,false,false,false,false,true,false,false,false,1.0,0.58064516129032262,0.52747252747252749,0.3797814207650273,1.0,1.7222222222222223,1.8958333333333333,2.6330935251798562,2,2,2,3,3,3,3,4,4,4,5,5,5,4,,,,,,,3,,,
2024-05-19,1,19,140,3.0,20,5,2,2024,20,2024,20,2024-05-19,2024-05-01,2024-04-01,2024-01-01,2024-05-25,2024-05-31,2024-06-30,2024-12-31,49,7,31,91,366,true,false,false,false,false,false,false,false,true,true,false,false,false,false,false,false,false,0.14285714285714285,0.61290322580645162,0.53846153846153844,0.38251366120218577,7.0,1.631578947368421,1.8571428571428572,2.6142857142857143,3,2,2,3,3,3,3,4,4,4,5,5,5,4,3,,,,,,,,,
2024-05-20,2,20,141,3.0,20,5,2,2024,20,2024,21,2024-05-19,2024-05-01,2024-04-01,2024-01-01,2024-05-25,2024-05-31,2024-06-30,2024-12-31,50,7,31,91,366,false,false,true,false,false,false,false,true,false,false,false,false,false,false,false,false,false,0.2857142857142857,0.64516129032258063,0.5494505494505495,0.38524590163934425,3.5,1.55,1.82,2.5957446808510638,3,3,2,3,3,3,3,4,4,4,5,5,5,4,,3,,,,,,,,
2024-05-21,3,21,142,3.0,20,5,2,2024,20,2024,21,2024-05-19,2024-05-01,2024-04-01,2024-01-01,2024-05-25,2024-05-31,2024-06-30,2024-12-31,51,7,31,91,366,false,true,false,false,false,false,false,true,false,false,false,false,false,false,false,false,false,0.42857142857142855,0.67741935483870963,0.56043956043956045,0.38797814207650272,2.3333333333333335,1.4761904761904763,1.7843137254901962,2.5774647887323945,3,3,3,3,3,3,3,4,4,4,5,5,5,4,,,3,,,,,,,
2024-05-22,4,22,143,4.0,20,5,2,2024,20,2024,21,2024-05-19,2024-05-01,2024-04-01,2024-01-01,2024-05-25,2024-05-31,2024-06-30,2024-12-31,52,7,31,91,366,false,false,false,true,false,false,false,true,false,false,false,false,false,false,false,false,false,0.5714285714285714,0.70967741935483875,0.5714285714285714,0.39071038251366119,1.75,1.4090909090909092,1.75,2.5594405594405596,3,3,3,4,3,3,3,4,4,4,5,5,5,4,,,,4,,,,,,
2024-05-23,5,23,144,4.0,20,5,2,2024,20,2024,21,2024-05-19,2024-05-01,2024-04-01,2024-01-01,2024-05-25,2024-05-31,2024-06-30,2024-12-31,53,7,31,91,366,false,false,false,false,true,false,false,true,false,false,false,false,false,false,false,false,false,0.7142857142857143,0.74193548387096775,0.58241758241758246,0.39344262295081966,1.4,1.3478260869565217,1.7169811320754718,2.5416666666666665,3,3,3,4,4,3,3,4,4,4,5,5,5,4,,,,,4,,,,,
2024-05-24,6,24,145,4.0,20,5,2,2024,20,2024,21,2024-05-19,2024-05-01,2024-04-01,2024-01-01,2024-05-25,2024-05-31,2024-06-30,2024-12-31,54,7,31,91,366,false,false,false,false,false,true,false,true,false,false,false,false,false,false,false,false,false,0.8571428571428571,0.77419354838709675,0.59340659340659341,0.39617486338797814,1.1666666666666667,1.2916666666666667,1.6851851851851851,2.5241379310344829,3,3,3,4,4,4,3,4,4,4,5,5,5,4,,,,,,4,,,,
2024-05-25,7,25,146,4.0,20,5,2,2024,21,2024,21,2024-05-19,2024-05-01,2024-04-01,2024-01-01,2024-05-25,2024-05-31,2024-06-30,2024-12-31,55,7,31,91,366,false,false,false,false,false,false,true,false,true,false,false,false,false,true,false,false,false,1.0,0.80645161290322576,0.60439560439560436,0.39890710382513661,1.0,1.24,1.6545454545454545,2.506849315068493,3,3,3,4,4,4,4,4,4,4,5,5,5,4,,,,,,,4,,,
2024-05-26,1,26,147,4.0,21,5,2,2024,21,2024,21,2024-05-26,2024-05-01,2024-04-01,2024-01-01,2024-06-01,2024-05-31,2024-06-30,2024-12-31,56,7,31,91,366,true,false,false,false,false,false,false,false,true,true,false,false,false,false,false,false,false,0.14285714285714285,0.83870967741935487,0.61538461538461542,0.40163934426229508,7.0,1.1923076923076923,1.625,2.489795918367347,4,3,3,4,4,4,4,4,4,4,5,5,5,4,4,,,,,,,,,
2024-05-27,2,27,148,4.0,21,5,2,2024,21,2024,22,2024-05-26,2024-05-01,2024-04-01,2024-01-01,2024-06-01,2024-05-31,2024-06-30,2024-12-31,57,7,31,91,366,false,false,true,false,false,false,false,true,false,false,false,false,false,false,false,false,false,0.2857142857142857,0.87096774193548387,0.62637362637362637,0.40437158469945356,3.5,1.1481481481481481,1.5964912280701755,2.4729729729729728,4,4,3,4,4,4,4,4,4,4,5,5,5,4,,4,,,,,,,Memorial Day,Memorial Day
2024-05-28,3,28,149,4.0,21,5,2,2024,21,2024,22,2024-05-26,2024-05-01,2024-04-01,2024-01-01,2024-06-01,2024-05-31,2024-06-30,2024-12-31,58,7,31,91,366,false,true,false,false,false,false,false,true,false,false,false,false,false,false,false,false,false,0.42857142857142855,0.90322580645161288,0.63736263736263732,0.40710382513661203,2.3333333333333335,1.1071428571428572,1.5689655172413792,2.4563758389261743,4,4,4,4,4,4,4,4,4,4,5,5,5,4,,,4,,,,,,,
2024-05-29,4,29,150,5.0,21,5,2,2024,21,2024,22,2024-05-26,2024-05-01,2024-04-01,2024-01-01,2024-06-01,2024-05-31,2024-06-30,2024-12-31,59,7,31,91,366,false,false,false,true,false,false,false,true,false,false,false,false,false,false,false,false,false,0.5714285714285714,0.93548387096774188,0.64835164835164838,0.4098360655737705,1.75,1.0689655172413792,1.5423728813559323,2.44,4,4,4,5,4,4,4,4,4,4,5,5,5,4,,,,5,,,,,,
2024-05-30,5,30,151,5.0,21,5,2,2024,21,2024,22,2024-05-26,2024-05-01,2024-04-01,2024-01-01,2024-06-01,2024-05-31,2024-06-30,2024-12-31,60,7,31,91,366,false,false,false,false,true,false,false,true,false,false,false,false,false,false,false,false,false,0.7142857142857143,0.967741935483871,0.65934065934065933,0.412568306010929,1.4,1.0333333333333334,1.5166666666666666,2.423841059602649,4,4,4,5,5,4,4,4,4,4,5,5,5,4,,,,,5,,,,,
2024-05-31,6,31,152,5.0,21,5,2,2024,21,2024,22,2024-05-26,2024-05-01,2024-04-01,2024-01-01,2024-06-01,2024-05-31,2024-06-30,2024-12-31,61,7,31,91,366,false,false,false,false,false,true,false,true,false,false,false,false,false,false,true,false,false,0.8571428571428571,1.0,0.67032967032967028,0.41530054644808745,1.1666666666666667,1.0,1.4918032786885247,2.4078947368421053,4,4,4,5,5,5,4,4,4,4,5,5,5,4,,,,,,5,,,,
2024-06-01,7,1,153,1.0,21,6,2,2024,22,2024,22,2024-05-26,2024-06-01,2024-04-01,2024-01-01,2024-06-01,2024-06-30,2024-06-30,2024-12-31,62,7,30,91,366,false,false,false,false,false,false,true,false,true,false,true,false,false,true,false,false,false,1.0,0.033333333333333333,0.68131868131868134,0.41803278688524592,1.0,30.0,1.467741935483871,2.392156862745098,0,0,0,0,0,0,1,5,4,4,4,4,4,5,,,,,,,1,,,
2024-06-02,1,2,154,1.0,22,6,2,2024,22,2024,22,2024-06-02,2024-06-01,2024-04-01,2024-01-01,2024-06-08,2024-06-30,2024-06-30,2024-12-31,63,7,30,91,366,true,false,false,false,false,false,false,false,true,true,false,false,false,false,false,false,false,0.14285714285714285,0.066666666666666666,0.69230769230769229,0.42076502732240439,7.0,15.0,1.4444444444444444,2.3766233766233764,1,0,0,0,0,0,1,5,4,4,4,4,4,5,1,,,,,,,,,
2024-06-03,2,3,155,1.0,22,6,2,2024,22,2024,23,2024-06-02,2024-06-01,2024-04-01,2024-01-01,2024-06-08,2024-06-30,2024-06-30,2024-12-31,64,7,30,91,366,false,false,true,false,false,false,false,true,false,false,false,false,false,false,false,false,false,0.2857142857142857,0.1,0.70329670329670335,0.42349726775956287,3.5,10.0,1.421875,2.3612903225806452,1,1,0,0,0,0,1,5,4,4,4,4,4,5,,1,,,,,,,,
2024-06-04,3,4,156,1.0,22,6,2,2024,22,2024,23,2024-06-02,2024-06-01,2024-04-01,2024-01-01,2024-06-08,2024-06-30,2024-06-30,2024-12-31,65,7,30,91,366,false,true,false,false,false,false,false,true,false,false,false,false,false,false,false,false,false,0.42857142857142855,0.13333333333333333,0.7142857142857143,0.42622950819672129,2.3333333333333335,7.5,1.4,2.3461538461538463,1,1,1,0,0,0,1,5,4,4,4,4,4,5,,,1,,,,,,,
2024-06-05,4,5,157,1.0,22,6,2,2024,22,2024,23,2024-06-02,2024-06-01,2024-04-01,2024-01-01,2024-06-08,2024-06-30,2024-06-30,2024-12-31,66,7,30,91,366,false,false,false,true,false,false,false,true,false,false,false,false,false,false,false,false,false,0.5714285714285714,0.16666666666666666,0.72527472527472525,0.42896174863387976,1.75,6.0,1.3787878787878789,2.3312101910828025,1,1,1,1,0,0,1,5,4,4,4,4,4,5,,,,1,,,,,,
2024-06-06,5,6,158,1.0,22,6,2,2024,22,2024,23,2024-06-02,2024-06-01,2024-04-01,2024-01-01,2024-06-08,2024-06-30,2024-06-30,2024-12-31,67,7,30,91,366,false,false,false,false,true,false,false,true,false,false,false,false,false,false,false,false,false,0.7142857142857143,0.2,0.73626373626373631,0.43169398907103823,1.4,5.0,1.3582089552238805,2.3164556962025316,1,1,1,1,1,0,1,5,4,4,4,4,4,5,,,,,1,,,,,
2024-06-07,6,7,159,1.0,22,6,2,2024,22,2024,23,2024-06-02,2024-06-01,2024-04-01,2024-01-01,2024-06-08,2024-06-30,2024-06-30,2024-12-31,68,7,30,91,366,false,false,false,false,false,true,false,true,false,false,false,false,false,false,false,false,false,0.8571428571428571,0.23333333333333334,0.74725274725274726,0.4344262295081967,1.1666666666666667,4.2857142857142856,1.338235294117647,2.30188679245283,1,1,1,1,1,1,1,5,4,4,4,4,4,5,,,,,,1,,,,
2024-06-08,7,8,160,2.0,22,6,2,2024,23,2024,23,2024-06-02,2024-06-01,2024-04-01,2024-01-01,2024-06-08,2024-06-30,2024-06-30,2024-12-31,69,7,30,91,366,false,false,false,false,false,false,true,false,true,false,false,false,false,true,false,false,false,1.0,0.26666666666666666,0.75824175824175821,0.43715846994535518,1.0,3.75,1.318840579710145,2.2875,1,1,1,1,1,1,2,5,4,4,4,4,4,5,,,,,,,2,,,
2024-06-09,1,9,161,2.0,23,6,2,2024,23,2024,23,2024-06-09,2024-06-01,2024-04-01,2024-01-01,2024-06-15,2024-06-30,2024-06-30,2024-12-31,70,7,30,91,366,true,false,false,false,false,false,false,false,true,true,false,false,false,false,false,false,false,0.14285714285714285,0.3,0.76923076923076927,0.43989071038251365,7.0,3.3333333333333335,1.3,2.2732919254658386,2,1,1,1,1,1,2,5,4,4,4,4,4,5,2,,,,,,,,,
2024-06-10,2,10,162,2.0,23,6,2,2024,23,2024,24,2024-06-09,2024-06-01,2024-04-01,2024-01-01,2024-06-15,2024-06-30,2024-06-30,2024-12-31,71,7,30,91,366,false,false,true,false,false,false,false,true,false,false,false,false,false,false,false,false,false,0.2857142857142857,0.33333333333333331,0.78021978021978022,0.44262295081967212,3.5,3.0,1.2816901408450705,2.2592592592592591,2,2,1,1,1,1,2,5,4,4,4,4,4,5,,2,,,,,,,,
2024-06-11,3,11,163,2.0,23,6,2,2024,23,2024,24,2024-06-09,2024-06-01,2024-04-01,2024-01-01,2024-06-15,2024-06-30,2024-06-30,2024-12-31,72,7,30,91,366,false,true,false,false,false,false,false,true,false,false,false,false,false,false,false,false,false,0.42857142857142855,0.36666666666666664,0.79120879120879117,0.4453551912568306,2.3333333333333335,2.7272727272727271,1.2638888888888888,2.2453987730061349,2,2,2,1,1,1,2,5,4,4,4,4,4,5,,,2,,,,,,,
2024-06-12,4,12,164,2.0,23,6,2,2024,23,2024,24,2024-06-09,2024-06-01,2024-04-01,2024-01-01,2024-06-15,2024-06-30,2024-06-30,2024-12-31,73,7,30,91,366,false,false,false,true,false,false,false,true,false,false,false,false,false,false,false,false,false,0.5714285714285714,0.4,0.80219780219780223,0.44808743169398907,1.75,2.5,1.2465753424657535,2.2317073170731709,2,2,2,2,1,1,2,5,4,4,4,4,4,5,,,,2,,,,,,
2024-06-13,5,13,165,2.0,23,6,2,2024,23,2024,24,2024-06-09,2024-06-01,2024-04-01,2024-01-01,2024-06-15,2024-06-30,2024-06-30,2024-12-31,74,7,30,91,366,false,false,false,false,true,false,false,true,false,false,false,false,false,false,false,false,false,0.7142857142857143,0.43333333333333335,0.81318681318681318,0.45081967213114754,1.4,2.3076923076923075,1.2297297297297298,2.2181818181818183,2,2,2,2,2,1,2,5,4,4,4,4,4,5,,,,,2,,,,,
2024-06-14,6,14,166,2.0,23,6,2,2024,23,2024,24,2024-06-09,2024-06-01,2024-04-01,2024-01-01,2024-06-15,2024-06-30,2024-06-30,2024-12-31,75,7,30,91,366,false,false,false,false,false,true,false,true,false,false,false,false,false,false,false,false,false,0.8571428571428571,0.46666666666666667,0.82417582417582413,0.453551912568306,1.1666666666666667,2.1428571428571428,1.2133333333333334,2.2048192771084336,2,2,2,2,2,2,2,5,4,4,4,4,4,5,,,,,,2,,,,
2024-06-15,7,15,167,3.0,23,6,2,2024,24,2024,24,2024-06-09,2024-06-01,2024-04-01,2024-01-01,2024-06-15,2024-06-30,2024-06-30,2024-12-31,76,7,30,91,366,false,false,false,false,false,false,true,false,true,false,false,false,false,true,false,false,false,1.0,0.5,0.8351648351648352,0.45628415300546449,1.0,2.0,1.1973684210526316,2.191616766467066,2,2,2,2,2,2,3,5,4,4,4,4,4,5,,,,,,,3,,,
2024-06-16,1,16,168,3.0,24,6,2,2024,24,2024,24,2024-06-16,2024-06-01,2024-04-01,2024-01-01,2024-06-22,2024-06-30,2024-06-30,2024-12-31,77,7,30,91,366,true,false,false,false,false,false,false,false,true,true,false,false,false,false,false,false,false,0.14285714285714285,0.53333333333333333,0.84615384615384615,0.45901639344262296,7.0,1.875,1.1818181818181819,2.1785714285714284,3,2,2,2,2,2,3,5,4,4,4,4,4,5,3,,,,,,,,Father's Day,Father's Day
2024-06-17,2,17,169,3.0,24,6,2,2024,24,2024,25,2024-06-16,2024-06-01,2024-04-01,2024-01-01,2024-06-22,2024-06-30,2024-06-30,2024-12-31,78,7,30,91,366,false,false,true,false,false,false,false,true,false,false,false,false,false,false,false,false,false,0.2857142857142857,0.56666666666666665,0.8571428571428571,0.46174863387978143,3.5,1.7647058823529411,1.1666666666666667,2.165680473372781,3,3,2,2,2,2,3,5,4,4,4,4,4,5,,3,,,,,,,,
2024-06-18,3,18,170,3.0,24,6,2,2024,24,2024,25,2024-06-16,2024-06-01,2024-04-01,2024-01-01,2024-06-22,2024-06-30,2024-06-30,2024-12-31,79,7,30,91,366,false,true,false,false,false,false,false,true,false,false,false,false,false,false,false,false,false,0.42857142857142855,0.6,0.86813186813186816,0.46448087431693991,2.3333333333333335,1.6666666666666667,1.1518987341772151,2.1529411764705881,3,3,3,2,2,2,3,5,4,4,4,4,4,5,,,3,,,,,,,
2024-06-19,4,19,171,3.0,24,6,2,2024,24,2024,25,2024-06-16,2024-06-01,2024-04-01,2024-01-01,2024-06-22,2024-06-30,2024-06-30,2024-12-31,80,7,30,91,366,false,false,false,true,false,false,false,true,false,false,false,false,false,false,false,false,false,0.5714285714285714,0.6333333333333333,0.87912087912087911,0.46721311475409838,1.75,1.5789473684210527,1.1375,2.1403508771929824,3,3,3,3,2,2,3,5,4,4,4,4,4,5,,,,3,,,,Juneteenth,,Juneteenth
2024-06-20,5,20,172,3.0,24,6,2,2024,24,2024,25,2024-06-16,2024-06-01,2024-04-01,2024-01-01,2024-06-22,2024-06-30,2024-06-30,2024-12-31,81,7,30,91,366,false,false,false,false,true,false,false,true,false,false,false,false,false,false,false,false,false,0.7142857142857143,0.66666666666666663,0.89010989010989006,0.46994535519125685,1.4,1.5,1.1234567901234569,2.1279069767441858,3,3,3,3,3,2,3,5,4,4,4,4,4,5,,,,,3,,,,,
2024-06-21,6,21,173,3.0,24,6,2,2024,24,2024,25,2024-06-16,2024-06-01,2024-04-01,2024-01-01,2024-06-22,2024-06-30,2024-06-30,2024-12-31,82,7,30,91,366,false,false,false,false,false,true,false,true,false,false,false,false,false,false,false,false,false,0.8571428571428571,0.7,0.90109890109890112,0.47267759562841533,1.1666666666666667,1.4285714285714286,1.1097560975609757,2.1156069364161851,3,3,3,3,3,3,3,5,4,4,4,4,4,5,,,,,,3,,,,
2024-06-22,7,22,174,4.0,24,6,2,2024,25,2024,25,2024-06-16,2024-06-01,2024-04-01,2024-01-01,2024-06-22,2024-06-30,2024-06-30,2024-12-31,83,7,30,91,366,false,false,false,false,false,false,true,false,true,false,false,false,false,true,false,false,false,1.0,0.73333333333333328,0.91208791208791207,0.47540983606557374,1.0,1.3636363636363635,1.0963855421686748,2.103448275862069,3,3,3,3,3,3,4,5,4,4,4,4,4,5,,,,,,,4,,,
2024-06-23,1,23,175,4.0,25,6,2,2024,25,2024,25,2024-06-23,2024-06-01,2024-04-01,2024-01-01,2024-06-29,2024-06-30,2024-06-30,2024-12-31,84,7,30,91,366,true,false,false,false,false,false,false,false,true,true,false,false,false,false,false,false,false,0.14285714285714285,0.76666666666666672,0.92307692307692313,0.47814207650273222,7.0,1.3043478260869565,1.0833333333333333,2.0914285714285716,4,3,3,3,3,3,4,5,4,4,4,4,4,5,4,,,,,,,,,
2024-06-24,2,24,176,4.0,25,6,2,2024,25,2024,26,2024-06-23,2024-06-01,2024-04-01,2024-01-01,2024-06-29,2024-06-30,2024-06-30,2024-12-31,85,7,30,91,366,false,false,true,false,false,false,false,true,false,false,false,false,false,false,false,false,false,0.2857142857142857,0.8,0.93406593406593408,0.48087431693989069,3.5,1.25,1.0705882352941176,2.0795454545454546,4,4,3,3,3,3,4,5,4,4,4,4,4,5,,4,,,,,,,,
2024-06-25,3,25,177,4.0,25,6,2,2024,25,2024,26,2024-06-23,2024-06-01,2024-04-01,2024-01-01,2024-06-29,2024-06-30,2024-06-30,2024-12-31,86,7,30,91,366,false,true,false,false,false,false,false,true,false,false,false,false,false,false,false,false,false,0.42857142857142855,0.83333333333333337,0.945054945054945,0.48360655737704916,2.3333333333333335,1.2,1.058139534883721,2.0677966101694913,4,4,4,3,3,3,4,5,4,4,4,4,4,5,,,4,,,,,,,
2024-06-26,4,26,178,4.0,25,6,2,2024,25,2024,26,2024-06-23,2024-06-01,2024-04-01,2024-01-01,2024-06-29,2024-06-30,2024-06-30,2024-12-31,87,7,30,91,366,false,false,false,true,false,false,false,true,false,false,false,false,false,false,false,false,false,0.5714285714285714,0.8666666666666667,0.95604395604395609,0.48633879781420764,1.75,1.1538461538461537,1.0459770114942528,2.0561797752808988,4,4,4,4,3,3,4,5,4,4,4,4,4,5,,,,4,,,,,,
2024-06-27,5,27,179,4.0,25,6,2,2024,25,2024,26,2024-06-23,2024-06-01,2024-04-01,2024-01-01,2024-06-29,2024-06-30,2024-06-30,2024-12-31,88,7,30,91,366,false,false,false,false,true,false,false,true,false,false,false,false,false,false,false,false,false,0.7142857142857143,0.9,0.967032967032967,0.48907103825136611,1.4,1.1111111111111112,1.0340909090909092,2.0446927374301676,4,4,4,4,4,3,4,5,4,4,4,4,4,5,,,,,4,,,,,
2024-06-28,6,28,180,4.0,25,6,2,2024,25,2024,26,2024-06-23,2024-06-01,2024-04-01,2024-01-01,2024-06-29,2024-06-30,2024-06-30,2024-12-31,89,7,30,91,366,false,false,false,false,false,true,false,true,false,false,false,false,false,false,false,false,false,0.8571428571428571,0.93333333333333335,0.978021978021978,0.49180327868852458,1.1666666666666667,1.0714285714285714,1.0224719101123596,2.0333333333333332,4,4,4,4,4,4,4,5,4,4,4,4,4,5,,,,,,4,,,,
2024-06-29,7,29,181,5.0,25,6,2,2024,26,2024,26,2024-06-23,2024-06-01,2024-04-01,2024-01-01,2024-06-29,2024-06-30,2024-06-30,2024-12-31,90,7,30,91,366,false,false,false,false,false,false,true,false,true,false,false,false,false,true,false,false,false,1.0,0.96666666666666667,0.989010989010989,0.49453551912568305,1.0,1.0344827586206897,1.0111111111111111,2.0220994475138121,4,4,4,4,4,4,5,5,4,4,4,4,4,5,,,,,,,5,,,
2024-06-30,1,30,182,5.0,26,6,2,2024,26,2024,26,2024-06-30,2024-06-01,2024-04-01,2024-01-01,2024-07-06,2024-06-30,2024-06-30,2024-12-31,91,7,30,91,366,true,false,false,false,false,false,false,false,true,true,false,false,false,false,true,true,false,0.14285714285714285,1.0,1.0,0.49726775956284153,7.0,1.0,1.0,2.0109890109890109,5,4,4,4,4,4,5,5,4,4,4,4,4,5,5,,,,,,,,,
2024-07-01,2,1,183,1.0,26,7,3,2024,26,2024,27,2024-06-30,2024-07-01,2024-07-01,2024-01-01,2024-07-06,2024-07-31,2024-09-30,2024-12-31,1,7,31,92,366,false,false,true,false,false,false,false,true,false,false,true,true,false,false,false,false,false,0.2857142857142857,0.032258064516129031,0.010869565217391304,0.5,3.5,31.0,92.0,2.0,0,1,0,0,0,0,0,4,5,5,5,4,4,4,,1,,,,,,,,
2024-07-02,3,2,184,1.0,26,7,3,2024,26,2024,27,2024-06-30,2024-07-01,2024-07-01,2024-01-01,2024-07-06,2024-07-31,2024-09-30,2024-12-31,2,7,31,92,366,false,true,false,false,false,false,false,true,false,false,false,false,false,false,false,false,false,0.42857142857142855,0.064516129032258063,0.021739130434782608,0.50273224043715847,2.3333333333333335,15.5,46.0,1.9891304347826086,0,1,1,0,0,0,0,4,5,5,5,4,4,4,,,1,,,,,,,
2024-07-03,4,3,185,1.0,26,7,3,2024,26,2024,27,2024-06-30,2024-07-01,2024-07-01,2024-01-01,2024-07-06,2024-07-31,2024-09-30,2024-12-31,3,7,31,92,366,false,false,false,true,false,false,false,true,false,false,false,false,false,false,false,false,false,0.5714285714285714,0.0967741935483871,0.032608695652173912,0.505464480874317,1.75,10.333333333333334,30.666666666666668,1.9783783783783784,0,1,1,1,0,0,0,4,5,5,5,4,4,4,,,,1,,,,,,
2024-07-04,5,4,186,1.0,26,7,3,2024,26,2024,27,2024-06-30,2024-07-01,2024-07-01,2024-01-01,2024-07-06,2024-07-31,2024-09-30,2024-12-31,4,7,31,92,366,false,false,false,false,true,false,false,true,false,false,false,false,false,false,false,false,false,0.7142857142857143,0.12903225806451613,0.043478260869565216,0.50819672131147542,1.4,7.75,23.0,1.967741935483871,0,1,1,1,1,0,0,4,5,5,5,4,4,4,,,,,1,,,Independence Day,,Independence Day
2024-07-05,6,5,187,1.0,26,7,3,2024,26,2024,27,2024-06-30,2024-07-01,2024-07-01,2024-01-01,2024-07-06,2024-07-31,2024-09-30,2024-12-31,5,7,31,92,366,false,false,false,false,false,true,false,true,false,false,false,false,false,false,false,false,false,0.8571428571428571,0.16129032258064516,0.05434782608695652,0.51092896174863389,1.1666666666666667,6.2,18.4,1.9572192513368984,0,1,1,1,1,1,0,4,5,5,5,4,4,4,,,,,,1,,,,
2024-07-06,7,6,188,1.0,26,7,3,2024,27,2024,27,2024-06-30,2024-07-01,2024-07-01,2024-01-01,2024-07-06,2024-07-31,2024-09-30,2024-12-31,6,7,31,92,366,false,false,false,false,false,false,true,false,true,false,false,false,false,true,false,false,false,1.0,0.19354838709677419,0.065217391304347824,0.51366120218579236,1.0,5.166666666666667,15.333333333333334,1.946808510638298,0,1,1,1,1,1,1,4,5,5,5,4,4,4,,,,,,,1,,,
2024-07-07,1,7,189,1.0,27,7,3,2024,27,2024,27,2024-07-07,2024-07-01,2024-07-01,2024-01-01,2024-07-13,2024-07-31,2024-09-30,2024-12-31,7,7,31,92,366,true,false,false,false,false,false,false,false,true,true,false,false,false,false,false,false,false,0.14285714285714285,0.22580645161290322,0.076086956521739135,0.51639344262295084,7.0,4.4285714285714288,13.142857142857142,1.9365079365079365,1,1,1,1,1,1,1,4,5,5,5,4,4,4,1,,,,,,,,,
2024-07-08,2,8,190,2.0,27,7,3,2024,27,2024,28,2024-07-07,2024-07-01,2024-07-01,2024-01-01,2024-07-13,2024-07-31,2024-09-30,2024-12-31,8,7,31,92,366,false,false,true,false,false,false,false,true,false,false,false,false,false,false,false,false,false,0.2857142857142857,0.25806451612903225,0.086956521739130432,0.51912568306010931,3.5,3.875,11.5,1.9263157894736842,1,2,1,1,1,1,1,4,5,5,5,4,4,4,,2,,,,,,,,
2024-07-09,3,9,191,2.0,27,7,3,2024,27,2024,28,2024-07-07,2024-07-01,2024-07-01,2024-01-01,2024-07-13,2024-07-31,2024-09-30,2024-12-31,9,7,31,92,366,false,true,false,false,false,false,false,true,false,false,false,false,false,false,false,false,false,0.42857142857142855,0.29032258064516131,0.097826086956521743,0.52185792349726778,2.3333333333333335,3.4444444444444446,10.222222222222221,1.9162303664921465,1,2,2,1,1,1,1,4,5,5,5,4,4,4,,,2,,,,,,,
2024-07-10,4,10,192,2.0,27,7,3,2024,27,2024,28,2024-07-07,2024-07-01,2024-07-01,2024-01-01,2024-07-13,2024-07-31,2024-09-30,2024-12-31,10,7,31,92,366,false,false,false,true,false,false,false,true,false,false,false,false,false,false,false,false,false,0.5714285714285714,0.32258064516129031,0.10869565217391304,0.52459016393442626,1.75,3.1,9.2,1.90625,1,2,2,2,1,1,1,4,5,5,5,4,4,4,,,,2,,,,,,
2024-07-11,5,11,193,2.0,27,7,3,2024,27,2024,28,2024-07-07,2024-07-01,2024-07-01,2024-01-01,2024-07-13,2024-07-31,2024-09-30,2024-12-31,11,7,31,92,366,false,false,false,false,true,false,false,true,false,false,false,false,false,false,false,false,false,0.7142857142857143,0.35483870967741937,0.11956521739130435,0.52732240437158473,1.4,2.8181818181818183,8.3636363636363633,1.8963730569948187,1,2,2,2,2,1,1,4,5,5,5,4,4,4,,,,,2,,,,,
2024-07-12,6,12,194,2.0,27,7,3,2024,27,2024,28,2024-07-07,2024-07-01,2024-07-01,2024-01-01,2024-07-13,2024-07-31,2024-09-30,2024-12-31,12,7,31,92,366,false,false,false,false,false,true,false,true,false,false,false,false,false,false,false,false,false,0.8571428571428571,0.38709677419354838,0.13043478260869565,0.5300546448087432,1.1666666666666667,2.5833333333333335,7.666666666666667,1.8865979381443299,1,2,2,2,2,2,1,4,5,5,5,4,4,4,,,,,,2,,,,
2024-07-13,7,13,195,2.0,27,7,3,2024,28,2024,28,2024-07-07,2024-07-01,2024-07-01,2024-01-01,2024-07-13,2024-07-31,2024-09-30,2024-12-31,13,7,31,92,366,false,false,false,false,false,false,true,false,true,false,false,false,false,true,false,false,false,1.0,0.41935483870967744,0.14130434782608695,0.53278688524590168,1.0,2.3846153846153846,7.0769230769230766,1.8769230769230769,1,2,2,2,2,2,2,4,5,5,5,4,4,4,,,,,,,2,,,
2024-07-14,1,14,196,2.0,28,7,3,2024,28,2024,28,2024-07-14,2024-07-01,2024-07-01,2024-01-01,2024-07-20,2024-07-31,2024-09-30,2024-12-31,14,7,31,92,366,true,false,false,false,false,false,false,false,true,true,false,false,false,false,false,false,false,0.14285714285714285,0.45161290322580644,0.15217391304347827,0.53551912568306015,7.0,2.2142857142857144,6.5714285714285712,1.8673469387755102,2,2,2,2,2,2,2,4,5,5,5,4,4,4,2,,,,,,,,,
2024-07-15,2,15,197,3.0,28,7,3,2024,28,2024,29,2024-07-14,2024-07-01,2024-07-01,2024-01-01,2024-07-20,2024-07-31,2024-09-30,2024-12-31,15,7,31,92,366,false,false,true,false,false,false,false,true,false,false,false,false,false,false,false,false,false,0.2857142857142857,0.4838709677419355,0.16304347826086957,0.53825136612021862,3.5,2.0666666666666669,6.1333333333333337,1.8578680203045685,2,3,2,2,2,2,2,4,5,5,5,4,4,4,,3,,,,,,,,
2024-07-16,3,16,198,3.0,28,7,3,2024,28,2024,29,2024-07-14,2024-07-01,2024-07-01,2024-01-01,2024-07-20,2024-07-31,2024-09-30,2024-12-31,16,7,31,92,366,false,true,false,false,false,false,false,true,false,false,false,false,false,false,false,false,false,0.42857142857142855,0.5161290322580645,0.17391304347826086,0.54098360655737709,2.3333333333333335,1.9375,5.75,1.8484848484848484,2,3,3,2,2,2,2,4,5,5,5,4,4,4,,,3,,,,,,,
2024-07-17,4,17,199,3.0,28,7,3,2024,28,2024,29,2024-07-14,2024-07-01,2024-07-01,2024-01-01,2024-07-20,2024-07-31,2024-09-30,2024-12-31,17,7,31,92,366,false,false,false,true,false,false,false,true,false,false,false,false,false,false,false,false,false,0.5714285714285714,0.54838709677419351,0.18478260869565216,0.54371584699453557,1.75,1.8235294117647058,5.4117647058823533,1.8391959798994975,2,3,3,3,2,2,2,4,5,5,5,4,4,4,,,,3,,,,,,
2024-07-18,5,18,200,3.0,28,7,3,2024,28,2024,29,2024-07-14,2024-07-01,2024-07-01,2024-01-01,2024-07-20,2024-07-31,2024-09-30,2024-12-31,18,7,31,92,366,false,false,false,false,true,false,false,true,false,false,false,false,false,false,false,false,false,0.7142857142857143,0.58064516129032262,0.19565217391304349,0.546448087431694,1.4,1.7222222222222223,5.1111111111111107,1.83,2,3,3,3,3,2,2,4,5,5,5,4,4,4,,,,,3,,,,,
2024-07-19,6,19,201,3.0,28,7,3,2024,28,2024,29,2024-07-14,2024-07-01,2024-07-01,2024-01-01,2024-07-20,2024-07-31,2024-09-30,2024-12-31,19,7,31,92,366,false,false,false,false,false,true,false,true,false,false,false,false,false,false,false,false,false,0.8571428571428571,0.61290322580645162,0.20652173913043478,0.54918032786885251,1.1666666666666667,1.631578947368421,4.8421052631578947,1.8208955223880596,2,3,3,3,3,3,2,4,5,5,5,4,4,4,,,,,,3,,,,
2024-07-20,7,20,202,3.0,28,7,3,2024,29,2024,29,2024-07-14,2024-07-01,2024-07-01,2024-01-01,2024-07-20,2024-07-31,2024-09-30,2024-12-31,20,7,31,92,366,false,false,false,false,false,false,true,false,true,false,false,false,false,true,false,false,false,1.0,0.64516129032258063,0.21739130434782608,0.55191256830601088,1.0,1.55,4.6,1.8118811881188119,2,3,3,3,3,3,3,4,5,5,5,4,4,4,,,,,,,3,,,
2024-07-21,1,21,203,3.0,29,7,3,2024,29,2024,29,2024-07-21,2024-07-01,2024-07-01,2024-01-01,2024-07-27,2024-07-31,2024-09-30,2024-12-31,21,7,31,92,366,true,false,false,false,false,false,false,false,true,true,false,false,false,false,false,false,false,0.14285714285714285,0.67741935483870963,0.22826086956521738,0.55464480874316935,7.0,1.4761904761904763,4.3809523809523814,1.8029556650246306,3,3,3,3,3,3,3,4,5,5,5,4,4,4,3,,,,,,,,,
2024-07-22,2,22,204,4.0,29,7,3,2024,29,2024,30,2024-07-21,2024-07-01,2024-07-01,2024-01-01,2024-07-27,2024-07-31,2024-09-30,2024-12-31,22,7,31,92,366,false,false,true,false,false,false,false,true,false,false,false,false,false,false,false,false,false,0.2857142857142857,0.70967741935483875,0.2391304347826087,0.55737704918032782,3.5,1.4090909090909092,4.1818181818181817,1.7941176470588236,3,4,3,3,3,3,3,4,5,5,5,4,4,4,,4,,,,,,,,
2024-07-23,3,23,205,4.0,29,7,3,2024,29,2024,30,2024-07-21,2024-07-01,2024-07-01,2024-01-01,2024-07-27,2024-07-31,2024-09-30,2024-12-31,23,7,31,92,366,false,true,false,false,false,false,false,true,false,false,false,false,false,false,false,false,false,0.42857142857142855,0.74193548387096775,0.25,0.56010928961748629,2.3333333333333335,1.3478260869565217,4.0,1.7853658536585366,3,4,4,3,3,3,3,4,5,5,5,4,4,4,,,4,,,,,,,
2024-07-24,4,24,206,4.0,29,7,3,2024,29,2024,30,2024-07-21,2024-07-01,2024-07-01,2024-01-01,2024-07-27,2024-07-31,2024-09-30,2024-12-31,24,7,31,92,366,false,false,false,true,false,false,false,true,false,false,false,false,false,false,false,false,false,0.5714285714285714,0.77419354838709675,0.2608695652173913,0.56284153005464477,1.75,1.2916666666666667,3.8333333333333335,1.7766990291262137,3,4,4,4,3,3,3,4,5,5,5,4,4,4,,,,4,,,,,,
2024-07-25,5,25,207,4.0,29,7,3,2024,29,2024,30,2024-07-21,2024-07-01,2024-07-01,2024-01-01,2024-07-27,2024-07-31,2024-09-30,2024-12-31,25,7,31,92,366,false,false,false,false,true,false,false,true,false,false,false,false,false,false,false,false,false,0.7142857142857143,0.80645161290322576,0.27173913043478259,0.56557377049180324,1.4,1.24,3.68,1.7681159420289856,3,4,4,4,4,3,3,4,5,5,5,4,4,4,,,,,4,,,,,
2024-07-26,6,26,208,4.0,29,7,3,2024,29,2024,30,2024-07-21,2024-07-01,2024-07-01,2024-01-01,2024-07-27,2024-07-31,2024-09-30,2024-12-31,26,7,31,92,366,false,false,false,false,false,true,false,true,false,false,false,false,false,false,false,false,false,0.8571428571428571,0.83870967741935487,0.28260869565217389,0.56830601092896171,1.1666666666666667,1.1923076923076923,3.5384615384615383,1.7596153846153846,3,4,4,4,4,4,3,4,5,5,5,4,4,4,,,,,,4,,,,
2024-07-27,7,27,209,4.0,29,7,3,2024,30,2024,30,2024-07-21,2024-07-01,2024-07-01,2024-01-01,2024-07-27,2024-07-31,2024-09-30,2024-12-31,27,7,31,92,366,false,false,false,false,false,false,true,false,true,false,false,false,false,true,false,false,false,1.0,0.87096774193548387,0.29347826086956524,0.57103825136612019,1.0,1.1481481481481481,3.4074074074074074,1.7511961722488039,3,4,4,4,4,4,4,4,5,5,5,4,4,4,,,,,,,4,,,
2024-07-28,1,28,210,4.0,30,7,3,2024,30,2024,30,2024-07-28,2024-07-01,2024-07-01,2024-01-01,2024-08-03,2024-07-31,2024-09-30,2024-12-31,28,7,31,92,366,true,false,false,false,false,false,false,false,true,true,false,false,false,false,false,false,false,0.14285714285714285,0.90322580645161288,0.30434782608695654,0.57377049180327866,7.0,1.1071428571428572,3.2857142857142856,1.7428571428571429,4,4,4,4,4,4,4,4,5,5,5,4,4,4,4,,,,,,,,,
2024-07-29,2,29,211,5.0,30,7,3,2024,30,2024,31,2024-07-28,2024-07-01,2024-07-01,2024-01-01,2024-08-03,2024-07-31,2024-09-30,2024-12-31,29,7,31,92,366,false,false,true,false,false,false,false,true,false,false,false,false,false,false,false,false,false,0.2857142857142857,0.93548387096774188,0.31521739130434784,0.57650273224043713,3.5,1.0689655172413792,3.1724137931034484,1.7345971563981042,4,5,4,4,4,4,4,4,5,5,5,4,4,4,,5,,,,,,,,
2024-07-30,3,30,212,5.0,30,7,3,2024,30,2024,31,2024-07-28,2024-07-01,2024-07-01,2024-01-01,2024-08-03,2024-07-31,2024-09-30,2024-12-31,30,7,31,92,366,false,true,false,false,false,false,false,true,false,false,false,false,false,false,false,false,false,0.42857142857142855,0.967741935483871,0.32608695652173914,0.57923497267759561,2.3333333333333335,1.0333333333333334,3.0666666666666669,1.7264150943396226,4,5,5,4,4,4,4,4,5,5,5,4,4,4,,,5,,,,,,,
2024-07-31,4,31,213,5.0,30,7,3,2024,30,2024,31,2024-07-28,2024-07-01,2024-07-01,2024-01-01,2024-08-03,2024-07-31,2024-09-30,2024-12-31,31,7,31,92,366,false,false,false,true,false,false,false,true,false,false,false,false,false,false,true,false,false,0.5714285714285714,1.0,0.33695652173913043,0.58196721311475408,1.75,1.0,2.967741935483871,1.7183098591549295,4,5,5,5,4,4,4,4,5,5,5,4,4,4,,,,5,,,,,,
2024-08-01,5,1,214,1.0,30,8,3,2024,30,2024,31,2024-07-28,2024-08-01,2024-07-01,2024-01-01,2024-08-03,2024-08-31,2024-09-30,2024-12-31,32,7,31,92,366,false,false,false,false,true,false,false,true,false,false,true,false,false,false,false,false,false,0.7142857142857143,0.032258064516129031,0.34782608695652173,0.58469945355191255,1.4,31.0,2.875,1.7102803738317758,0,0,0,0,1,0,0,4,4,4,4,5,5,5,,,,,1,,,,,
2024-08-02,6,2,215,1.0,30,8,3,2024,30,2024,31,2024-07-28,2024-08-01,2024-07-01,2024-01-01,2024-08-03,2024-08-31,2024-09-30,2024-12-31,33,7,31,92,366,false,false,false,false,false,true,false,true,false,false,false,false,false,false,false,false,false,0.8571428571428571,0.064516129032258063,0.358695652173913,0.587431693989071,1.1666666666666667,15.5,2.7878787878787881,1.7023255813953488,0,0,0,0,1,1,0,4,4,4,4,5,5,5,,,,,,1,,,,
2024-08-03,7,3,216,1.0,30,8,3,2024,31,2024,31,2024-07-28,2024-08-01,2024-07-01,2024-01-01,2024-08-03,2024-08-31,2024-09-30,2024-12-31,34,7,31,92,366,false,false,false,false,false,false,true,false,true,false,false,false,false,true,false,false,false,1.0,0.0967741935483871,0.36956521739130432,0.5901639344262295,1.0,10.333333333333334,2.7058823529411766,1.6944444444444444,0,0,0,0,1,1,1,4,4,4,4,5,5,5,,,,,,,1,,,
2024-08-04,1,4,217,1.0,31,8,3,2024,31,2024,31,2024-08-04,2024-08-01,2024-07-01,2024-01-01,2024-08-10,2024-08-31,2024-09-30,2024-12-31,35,7,31,92,366,true,false,false,false,false,false,false,false,true,true,false,false,false,false,false,false,false,0.14285714285714285,0.12903225806451613,0.38043478260869568,0.592896174863388,7.0,7.75,2.6285714285714286,1.6866359447004609,1,0,0,0,1,1,1,4,4,4,4,5,5,5,1,,,,,,,,,
2024-08-05,2,5,218,1.0,31,8,3,2024,31,2024,32,2024-08-04,2024-08-01,2024-07-01,2024-01-01,2024-08-10,2024-08-31,2024-09-30,2024-12-31,36,7,31,92,366,false,false,true,false,false,false,false,true,false,false,false,false,false,false,false,false,false,0.2857142857142857,0.16129032258064516,0.391304347826087,0.59562841530054644,3.5,6.2,2.5555555555555554,1.6788990825688073,1,1,0,0,1,1,1,4,4,4,4,5,5,5,,1,,,,,,,,
2024-08-06,3,6,219,1.0,31,8,3,2024,31,2024,32,2024-08-04,2024-08-01,2024-07-01,2024-01-01,2024-08-10,2024-08-31,2024-09-30,2024-12-31,37,7,31,92,366,false,true,false,false,false,false,false,true,false,false,false,false,false,false,false,false,false,0.42857142857142855,0.19354838709677419,0.40217391304347827,0.59836065573770492,2.3333333333333335,5.166666666666667,2.4864864864864864,1.6712328767123288,1,1,1,0,1,1,1,4,4,4,4,5,5,5,,,1,,,,,,,
2024-08-07,4,7,220,1.0,31,8,3,2024,31,2024,32,2024-08-04,2024-08-01,2024-07-01,2024-01-01,2024-08-10,2024-08-31,2024-09-30,2024-12-31,38,7,31,92,366,false,false,false,true,false,false,false,true,false,false,false,false,false,false,false,false,false,0.5714285714285714,0.22580645161290322,0.41304347826086957,0.60109289617486339,1.75,4.4285714285714288,2.4210526315789473,1.6636363636363636,1,1,1,1,1,1,1,4,4,4,4,5,5,5,,,,1,,,,,,
2024-08-08,5,8,221,2.0,31,8,3,2024,31,2024,32,2024-08-04,2024-08-01,2024-07-01,2024-01-01,2024-08-10,2024-08-31,2024-09-30,2024-12-31,39,7,31,92,366,false,false,false,false,true,false,false,true,false,false,false,false,false,false,false,false,false,0.7142857142857143,0.25806451612903225,0.42391304347826086,0.60382513661202186,1.4,3.875,2.358974358974359,1.6561085972850678,1,1,1,1,2,1,1,4,4,4,4,5,5,5,,,,,2,,,,,
2024-08-09,6,9,222,2.0,31,8,3,2024,31,2024,32,2024-08-04,2024-08-01,2024-07-01,2024-01-01,2024-08-10,2024-08-31,2024-09-30,2024-12-31,40,7,31,92,366,false,false,false,false,false,true,false,true,false,false,false,false,false,false,false,false,false,0.8571428571428571,0.29032258064516131,0.43478260869565216,0.60655737704918034,1.1666666666666667,3.4444444444444446,2.3,1.6486486486486487,1,1,1,1,2,2,1,4,4,4,4,5,5,5,,,,,,2,,,,
2024-08-10,7,10,223,2.0,31,8,3,2024,32,2024,32,2024-08-04,2024-08-01,2024-07-01,2024-01-01,2024-08-10,2024-08-31,2024-09-30,2024-12-31,41,7,31,92,366,false,false,false,false,false,false,true,false,true,false,false,false,false,true,false,false,false,1.0,0.32258064516129031,0.44565217391304346,0.60928961748633881,1.0,3.1,2.2439024390243905,1.641255605381166,1,1,1,1,2,2,2,4,4,4,4,5,5,5,,,,,,,2,,,
2024-08-11,1,11,224,2.0,32,8,3,2024,32,2024,32,2024-08-11,2024-08-01,2024-07-01,2024-01-01,2024-08-17,2024-08-31,2024-09-30,2024-12-31,42,7,31,92,366,true,false,false,false,false,false,false,false,true,true,false,false,false,false,false,false,false,0.14285714285714285,0.35483870967741937,0.45652173913043476,0.61202185792349728,7.0,2.8181818181818183,2.1904761904761907,1.6339285714285714,2,1,1,1,2,2,2,4,4,4,4,5,5,5,2,,,,,,,,,
2024-08-12,2,12,225,2.0,32,8,3,2024,32,2024,33,2024-08-11,2024-08-01,2024-07-01,2024-01-01,2024-08-17,2024-08-31,2024-09-30,2024-12-31,43,7,31,92,366,false,false,true,false,false,false,false,true,false,false,false,false,false,false,false,false,false,0.2857142857142857,0.38709677419354838,0.46739130434782611,0.61475409836065575,3.5,2.5833333333333335,2.13953488372093,1.6266666666666667,2,2,1,1,2,2,2,4,4,4,4,5,5,5,,2,,,,,,,,